INSERT INTO MEMBER (MEMBER_NO, MEMBER_ID, MEMBER_PWD, MEMBER_NAME, MEMBER_NICKNAME, EMAIL, PHONE, MANAGER_STATUS, MENTOR_STATUS, MENTOR_VALID, MENTOR_INTRO, CAREER) 
VALUES (1, 'admin', '$2a$10$7Uyw.RWeFcH5BHiPM434FeYTvL/bs6z9wfaSY7Rd6gaVqTrEcRqZ2', '관리자', 'ADMIN', 'admin@naver.com', '010-9999-9999','Y', 'N', 'N', NULL, NULL);

INSERT INTO MEMBER (MEMBER_NO, MEMBER_ID, MEMBER_PWD, MEMBER_NAME, MEMBER_NICKNAME, EMAIL, PHONE, MENTOR_STATUS, MENTOR_VALID, MENTOR_INTRO, CAREER) 
VALUES (2, 'user01', 'pass01', '김동영', 'user01', 'user01@naver.com', '010-9999-9998', 'N', 'N', NULL, NULL);

INSERT INTO MEMBER (MEMBER_NO, MEMBER_ID, MEMBER_PWD, MEMBER_NAME, MEMBER_NICKNAME, EMAIL, PHONE, MENTOR_STATUS, MENTOR_VALID, MENTOR_INTRO, CAREER) 
VALUES (3, 'user02', 'pass02', '윤대한', 'user02', 'user02@naver.com', '010-9999-9997', 'N', 'N', NULL, NULL);

INSERT INTO MEMBER (MEMBER_NO, MEMBER_ID, MEMBER_PWD, MEMBER_NAME, MEMBER_NICKNAME, EMAIL, PHONE, MENTOR_STATUS, MENTOR_VALID, MENTOR_INTRO, CAREER) 
VALUES (4, 'user03', 'pass03', '조동근', 'user03', 'user03@naver.com', '010-9999-9996', 'N', 'N', NULL, NULL);

INSERT INTO MEMBER (MEMBER_NO, MEMBER_ID, MEMBER_PWD, MEMBER_NAME, MEMBER_NICKNAME, EMAIL, PHONE, MENTOR_STATUS, MENTOR_VALID, MENTOR_INTRO, CAREER) 
VALUES (5, 'user04', 'pass04', '박상준', 'user04', 'user04@naver.com', '010-9999-9995', 'N', 'N', NULL, NULL);

INSERT INTO MEMBER (MEMBER_NO, MEMBER_ID, MEMBER_PWD, MEMBER_NAME, MEMBER_NICKNAME, MEMBER_INTRO, EMAIL, PHONE, MENTOR_STATUS, MENTOR_VALID, MENTOR_INTRO, CAREER) 
VALUES (6, 'user05', 'pass05', '멘토1', 'Mentor1', '멘토1의 자기소개', 'mentor1@naver.com', '010-0000-0001', 'Y', 'Y', '멘토입니다1', '경력입니다1');

INSERT INTO MEMBER (MEMBER_NO, MEMBER_ID, MEMBER_PWD, MEMBER_NAME, MEMBER_NICKNAME, MEMBER_INTRO, EMAIL, PHONE, MENTOR_STATUS, MENTOR_VALID, MENTOR_INTRO, CAREER) 
VALUES (7, 'user06', 'pass06', '멘토2', 'Mentor2', '멘토2의 자기소개', 'mentor2@naver.com', '010-0000-0002', 'Y', 'Y', '멘토입니다2', '경력입니다2');

INSERT INTO MEMBER (MEMBER_NO, MEMBER_ID, MEMBER_PWD, MEMBER_NAME, MEMBER_NICKNAME, MEMBER_INTRO, EMAIL, PHONE, MENTOR_STATUS, MENTOR_VALID, MENTOR_INTRO, CAREER) 
VALUES (8, 'user07', 'pass07', '멘토3', 'Mentor3', '멘토3의 자기소개','mentor3@naver.com', '010-0000-0003', 'Y', 'N', '멘토입니다3', '경력입니다3');

INSERT INTO MEMBER (MEMBER_NO, MEMBER_ID, MEMBER_PWD, MEMBER_NAME, MEMBER_NICKNAME, MEMBER_INTRO, EMAIL, PHONE, MENTOR_STATUS, MENTOR_VALID, MENTOR_INTRO, CAREER) 
VALUES (9, 'user08', 'pass08', '멘토4', 'Mentor4', '나를 묶고 가둔다면 뱃길따라 이백리 버터풀 야도란 새들의고향 그 누가 아무리 자기네땅이라 우겨도 악어떼가 나온다 악어떼!','mentor4@naver.com', '010-0000-0004', 'Y', 'Y', '멘토입니다4', '경력입니다4');

INSERT INTO MEMBER (MEMBER_NO, MEMBER_ID, MEMBER_PWD, MEMBER_NAME, MEMBER_NICKNAME, EMAIL, PHONE, MENTOR_STATUS, MENTOR_VALID, MENTOR_INTRO, CAREER) 
VALUES (10, 'user09', 'pass09', '멘토5', 'Mentor5', 'mentor5@naver.com', '010-0000-0005', 'Y', 'Y', '멘토입니다5', '경력입니다5');

INSERT INTO MEMBER (MEMBER_NO, MEMBER_ID, MEMBER_PWD, MEMBER_NAME, MEMBER_NICKNAME, EMAIL, PHONE, MENTOR_STATUS, MENTOR_VALID, MENTOR_INTRO, CAREER) 
VALUES (11, 'user10', 'pass10', '멘토6', 'Mentor6', 'mentor6@naver.com', '010-0000-0006', 'Y', 'N', '멘토입니다6', '경력입니다6');

INSERT INTO MEMBER (MEMBER_NO, MEMBER_ID, MEMBER_PWD, MEMBER_NAME, MEMBER_NICKNAME, EMAIL, PHONE, MEMBER_IMG, MENTOR_STATUS, MENTOR_VALID, MENTOR_INTRO, CAREER) 
VALUES (12, 'user11', 'pass11', '멘토7', 'Mentor7', 'mentor7@naver.com', '010-0000-0007', '/resources/static/img/profile/profileTest.webp' , 'Y', 'Y', '멘토입니다7', '경력입니다7');

INSERT INTO MEMBER (MEMBER_NO, MEMBER_ID, MEMBER_PWD, MEMBER_NAME, MEMBER_NICKNAME, EMAIL, PHONE, MENTOR_STATUS, MENTOR_VALID, MENTOR_INTRO, CAREER) 
VALUES (13, 'user12', 'pass12', '멘토8', 'Mentor8', 'mentor8@naver.com', '010-0000-0008', 'Y', 'Y', '멘토입니다8', '경력입니다8');

INSERT INTO MEMBER (MEMBER_NO, MEMBER_ID, MEMBER_PWD, MEMBER_NAME, MEMBER_NICKNAME, EMAIL, PHONE, MENTOR_STATUS, MENTOR_VALID, MENTOR_INTRO, CAREER) 
VALUES (14, 'user13', 'pass13', '멘토9', 'Mentor9', 'mentor9@naver.com', '010-0000-0009', 'Y', 'N', '멘토입니다9', '경력입니다9');

INSERT INTO MEMBER (MEMBER_NO, MEMBER_ID, MEMBER_PWD, MEMBER_NAME, MEMBER_NICKNAME, EMAIL, PHONE, MENTOR_STATUS, MENTOR_VALID, MENTOR_INTRO, CAREER) 
VALUES (15, 'user14', 'pass14', '멘토10', 'Mentor10', 'mentor10@naver.com', '010-0000-0010', 'Y', 'Y', '멘토입니다10', '경력입니다10');

INSERT INTO MEMBER (MEMBER_NO, MEMBER_ID, MEMBER_PWD, MEMBER_NAME, MEMBER_NICKNAME, EMAIL, PHONE, MENTOR_STATUS, MENTOR_VALID, MENTOR_INTRO, CAREER) 
VALUES (16, 'user15', 'pass15', '멘토11', 'Mentor11', 'mentor11@naver.com', '010-0000-0011', 'Y', 'Y', '멘토입니다11', '경력입니다11');

INSERT INTO MEMBER (MEMBER_NO, MEMBER_ID, MEMBER_PWD, MEMBER_NAME, MEMBER_NICKNAME, EMAIL, PHONE, MENTOR_STATUS, MENTOR_VALID, MENTOR_INTRO, CAREER) 
VALUES (17, 'user16', 'pass16', '멘토12', 'Mentor12', 'mentor12@naver.com', '010-0000-0012', 'Y', 'N', '멘토입니다12', '경력입니다12');

INSERT INTO MEMBER (MEMBER_NO, MEMBER_ID, MEMBER_PWD, MEMBER_NAME, MEMBER_NICKNAME, EMAIL, PHONE, MENTOR_STATUS, MENTOR_VALID, MENTOR_INTRO, CAREER) 
VALUES (18, 'user17', 'pass17', '멘토13', 'Mentor13', 'mentor13@naver.com', '010-0000-0013', 'Y', 'Y', '멘토입니다13', '경력입니다13');

INSERT INTO MEMBER (MEMBER_NO, MEMBER_ID, MEMBER_PWD, MEMBER_NAME, MEMBER_NICKNAME, EMAIL, PHONE, MENTOR_STATUS, MENTOR_VALID, MENTOR_INTRO, CAREER) 
VALUES (19, 'user18', 'pass18', '멘토14', 'Mentor14', 'mentor14@naver.com', '010-0000-0014', 'Y', 'Y', '멘토입니다14', '경력입니다14');

INSERT INTO MEMBER (MEMBER_NO, MEMBER_ID, MEMBER_PWD, MEMBER_NAME, MEMBER_NICKNAME, EMAIL, PHONE, MENTOR_STATUS, MENTOR_VALID, MENTOR_INTRO, CAREER) 
VALUES (20, 'user19', 'pass19', '멘토15', 'Mentor15', 'mentor15@naver.com', '010-0000-0015', 'Y', 'N', '멘토입니다15', '경력입니다15');

INSERT INTO MEMBER (MEMBER_NO, MEMBER_ID, MEMBER_PWD, MEMBER_NAME, MEMBER_NICKNAME, EMAIL, PHONE, MENTOR_STATUS, MENTOR_VALID, MENTOR_INTRO, CAREER) 
VALUES (21, 'user20', 'pass20', '멘토16', 'Mentor16', 'mentor16@naver.com', '010-0000-0016', 'Y', 'Y', '멘토입니다16', '경력입니다16');

INSERT INTO MEMBER (MEMBER_NO, MEMBER_ID, MEMBER_PWD, MEMBER_NAME, MEMBER_NICKNAME, EMAIL, PHONE, MENTOR_STATUS, MENTOR_VALID, MENTOR_INTRO, CAREER) 
VALUES (22, 'user21', 'pass21', '멘토17', 'Mentor17', 'mentor17@naver.com', '010-0000-0017', 'Y', 'Y', '멘토입니다17', '경력입니다17');

INSERT INTO MEMBER (MEMBER_NO, MEMBER_ID, MEMBER_PWD, MEMBER_NAME, MEMBER_NICKNAME, EMAIL, PHONE, MENTOR_STATUS, MENTOR_VALID, MENTOR_INTRO, CAREER) 
VALUES (23, 'user22', 'pass22', '멘토18', 'Mentor18', 'mentor18@naver.com', '010-0000-0018', 'Y', 'N', '멘토입니다18', '경력입니다18');

INSERT INTO MEMBER (MEMBER_NO, MEMBER_ID, MEMBER_PWD, MEMBER_NAME, MEMBER_NICKNAME, EMAIL, PHONE, MENTOR_STATUS, MENTOR_VALID, MENTOR_INTRO, CAREER) 
VALUES (24, 'user23', 'pass23', '멘토19', 'Mentor19', 'mentor19@naver.com', '010-0000-0019', 'Y', 'Y', '멘토입니다19', '경력입니다19');

INSERT INTO MEMBER (MEMBER_NO, MEMBER_ID, MEMBER_PWD, MEMBER_NAME, MEMBER_NICKNAME, EMAIL, PHONE, MENTOR_STATUS, MENTOR_VALID, MENTOR_INTRO, CAREER) 
VALUES (25, 'user24', 'pass24', '멘토20', 'Mentor20', 'mentor20@naver.com', '010-0000-0020', 'Y', 'Y', '멘토입니다20', '경력입니다20');

INSERT INTO MEMBER (MEMBER_NO, MEMBER_ID, MEMBER_PWD, MEMBER_NAME, MEMBER_NICKNAME, EMAIL, PHONE, MENTOR_STATUS, MENTOR_VALID, MENTOR_INTRO, CAREER) 
VALUES (26, 'user25', 'pass25', '멘토21', 'Mentor21', 'mentor21@naver.com', '010-0000-0021', 'Y', 'N', '멘토입니다21', '경력입니다21');

INSERT INTO MEMBER (MEMBER_NO, MEMBER_ID, MEMBER_PWD, MEMBER_NAME, MEMBER_NICKNAME, EMAIL, PHONE, MENTOR_STATUS, MENTOR_VALID, MENTOR_INTRO, CAREER) 
VALUES (27, 'user26', 'pass26', '멘토22', 'Mentor22', 'mentor22@naver.com', '010-0000-0022', 'Y', 'Y', '멘토입니다22', '경력입니다22');

INSERT INTO MEMBER (MEMBER_NO, MEMBER_ID, MEMBER_PWD, MEMBER_NAME, MEMBER_NICKNAME, EMAIL, PHONE, MENTOR_STATUS, MENTOR_VALID, MENTOR_INTRO, CAREER) 
VALUES (28, 'user27', 'pass27', '멘토23', 'Mentor23', 'mentor23@naver.com', '010-0000-0023', 'Y', 'Y', '멘토입니다23', '경력입니다23');

INSERT INTO MEMBER (MEMBER_NO, MEMBER_ID, MEMBER_PWD, MEMBER_NAME, MEMBER_NICKNAME, EMAIL, PHONE, MENTOR_STATUS, MENTOR_VALID, MENTOR_INTRO, CAREER) 
VALUES (29, 'user28', 'pass28', '멘토24', 'Mentor24', 'mentor24@naver.com', '010-0000-0024', 'Y', 'N', '멘토입니다24', '경력입니다24');

INSERT INTO MEMBER (MEMBER_NO, MEMBER_ID, MEMBER_PWD, MEMBER_NAME, MEMBER_NICKNAME, EMAIL, PHONE, MENTOR_STATUS, MENTOR_VALID, MENTOR_INTRO, CAREER) 
VALUES (30, 'user29', 'pass29', '멘토25', 'Mentor25', 'mentor25@naver.com', '010-0000-0025', 'Y', 'Y', '멘토입니다25', '경력입니다25');

INSERT INTO MEMBER (MEMBER_NO, MEMBER_ID, MEMBER_PWD, MEMBER_NAME, MEMBER_NICKNAME, EMAIL, PHONE, MENTOR_STATUS, MENTOR_VALID, MENTOR_INTRO, CAREER) 
VALUES (31, 'user30', 'pass30', '멘토26', 'Mentor26', 'mentor26@naver.com', '010-0000-0026', 'Y', 'Y', '멘토입니다26', '경력입니다26');

INSERT INTO MEMBER (MEMBER_NO, MEMBER_ID, MEMBER_PWD, MEMBER_NAME, MEMBER_NICKNAME, EMAIL, PHONE, MENTOR_STATUS, MENTOR_VALID, MENTOR_INTRO, CAREER) 
VALUES (32, 'user31', 'pass31', '멘토27', 'Mentor27', 'mentor27@naver.com', '010-0000-0027', 'Y', 'N', '멘토입니다27', '경력입니다27');

INSERT INTO MEMBER (MEMBER_NO, MEMBER_ID, MEMBER_PWD, MEMBER_NAME, MEMBER_NICKNAME, EMAIL, PHONE, MENTOR_STATUS, MENTOR_VALID, MENTOR_INTRO, CAREER) 
VALUES (33, 'user32', 'pass32', '멘토28', 'Mentor28', 'mentor28@naver.com', '010-0000-0028', 'Y', 'Y', '멘토입니다28', '경력입니다28');

INSERT INTO MEMBER (MEMBER_NO, MEMBER_ID, MEMBER_PWD, MEMBER_NAME, MEMBER_NICKNAME, EMAIL, PHONE, MENTOR_STATUS, MENTOR_VALID, MENTOR_INTRO, CAREER) 
VALUES (34, 'user33', 'pass33', '멘토29', 'Mentor29', 'mentor29@naver.com', '010-0000-0029', 'Y', 'Y', '멘토입니다29', '경력입니다29');

INSERT INTO MEMBER (MEMBER_NO, MEMBER_ID, MEMBER_PWD, MEMBER_NAME, MEMBER_NICKNAME, EMAIL, PHONE, MENTOR_STATUS, MENTOR_VALID, MENTOR_INTRO, CAREER) 
VALUES (35, 'user34', 'pass34', '멘토30', 'Mentor30', 'mentor30@naver.com', '010-0000-0030', 'Y', 'N', '멘토입니다30', '경력입니다30');

INSERT INTO MEMBER (MEMBER_NO, MEMBER_ID, MEMBER_PWD, MEMBER_NAME, MEMBER_NICKNAME, EMAIL, PHONE, MENTOR_STATUS, MENTOR_VALID, MENTOR_INTRO, CAREER) 
VALUES (36, 'user35', 'pass35', '멘토31', 'Mentor31', 'mentor31@naver.com', '010-0000-0031', 'Y', 'Y', '멘토입니다31', '경력입니다31');

INSERT INTO MEMBER (MEMBER_NO, MEMBER_ID, MEMBER_PWD, MEMBER_NAME, MEMBER_NICKNAME, EMAIL, PHONE, MENTOR_STATUS, MENTOR_VALID, MENTOR_INTRO, CAREER) 
VALUES (37, 'user36', 'pass36', '멘토32', 'Mentor32', 'mentor32@naver.com', '010-0000-0032', 'Y', 'Y', '멘토입니다32', '경력입니다32');

INSERT INTO MEMBER (MEMBER_NO, MEMBER_ID, MEMBER_PWD, MEMBER_NAME, MEMBER_NICKNAME, EMAIL, PHONE, MENTOR_STATUS, MENTOR_VALID, MENTOR_INTRO, CAREER) 
VALUES (38, 'user37', 'pass37', '멘토33', 'Mentor33', 'mentor33@naver.com', '010-0000-0033', 'Y', 'N', '멘토입니다33', '경력입니다33');

INSERT INTO MEMBER (MEMBER_NO, MEMBER_ID, MEMBER_PWD, MEMBER_NAME, MEMBER_NICKNAME, EMAIL, PHONE, MENTOR_STATUS, MENTOR_VALID, MENTOR_INTRO, CAREER) 
VALUES (39, 'user38', 'pass38', '멘토34', 'Mentor34', 'mentor34@naver.com', '010-0000-0034', 'Y', 'Y', '멘토입니다34', '경력입니다34');


INSERT INTO BOARD (BOARD_NO, TAB_NO, LICENSE_NO, MEMBER_NO, BOARD_TITLE, BOARD_CONTENT, BOARD_DATE, LIKE_COUNT, HATE_COUNT, STATUS, VIEW_COUNT) 
VALUES (1, 1, 1, 1, '공지입니다1', '대충 공지내용 1', to_date('01/10/2024', 'MM/DD/RRRR'), 28, 6, 'Y', 0);

INSERT INTO BOARD (BOARD_NO, TAB_NO, LICENSE_NO, MEMBER_NO, BOARD_TITLE, BOARD_CONTENT, BOARD_DATE, LIKE_COUNT, HATE_COUNT, STATUS, VIEW_COUNT) 
VALUES (2, 2, 2, 2, '안녕하세요~~~ 2', '반갑습니다~~ 2', to_date('01/11/2024', 'MM/DD/RRRR'), 26, 8, 'Y', 0);

INSERT INTO BOARD (BOARD_NO, TAB_NO, LICENSE_NO, MEMBER_NO, BOARD_TITLE, BOARD_CONTENT, BOARD_DATE, LIKE_COUNT, HATE_COUNT, STATUS, VIEW_COUNT) 
VALUES (3, 3, 3, 3, '안녕하세요~~~ 3', '반갑습니다~~ 3', to_date('01/12/2024', 'MM/DD/RRRR'), 5, 1, 'Y', 0);

INSERT INTO BOARD (BOARD_NO, TAB_NO, LICENSE_NO, MEMBER_NO, BOARD_TITLE, BOARD_CONTENT, BOARD_DATE, LIKE_COUNT, HATE_COUNT, STATUS, VIEW_COUNT) 
VALUES (4, 4, 4, 4, '안녕하세요~~~ 4', '반갑습니다~~ 4', to_date('01/13/2024', 'MM/DD/RRRR'), 16, 4, 'Y', 0);

INSERT INTO BOARD (BOARD_NO, TAB_NO, LICENSE_NO, MEMBER_NO, BOARD_TITLE, BOARD_CONTENT, BOARD_DATE, LIKE_COUNT, HATE_COUNT, STATUS, VIEW_COUNT) 
VALUES (5, 5, 1, 5, '안녕하세요~~~ 5', '반갑습니다~~ 5', to_date('01/14/2024', 'MM/DD/RRRR'), 12, 1, 'Y', 0);

INSERT INTO BOARD (BOARD_NO, TAB_NO, LICENSE_NO, MEMBER_NO, BOARD_TITLE, BOARD_CONTENT, BOARD_DATE, LIKE_COUNT, HATE_COUNT, STATUS, VIEW_COUNT) 
VALUES (6, 6, 2, 6, '안녕하세요~~~ 6', '반갑습니다~~ 6', to_date('01/15/2024', 'MM/DD/RRRR'), 1, 6, 'Y', 0);

INSERT INTO BOARD (BOARD_NO, TAB_NO, LICENSE_NO, MEMBER_NO, BOARD_TITLE, BOARD_CONTENT, BOARD_DATE, LIKE_COUNT, HATE_COUNT, STATUS, VIEW_COUNT) 
VALUES (7, 7, 3, 7, '안녕하세요~~~ 7', '반갑습니다~~ 7', to_date('01/16/2024', 'MM/DD/RRRR'), 15, 3, 'Y', 0);

INSERT INTO BOARD (BOARD_NO, TAB_NO, LICENSE_NO, MEMBER_NO, BOARD_TITLE, BOARD_CONTENT, BOARD_DATE, LIKE_COUNT, HATE_COUNT, STATUS, VIEW_COUNT) 
VALUES (8, 2, 4, 8, '안녕하세요~~~ 8', '반갑습니다~~ 8', to_date('01/17/2024', 'MM/DD/RRRR'), 20, 1, 'Y', 0);

INSERT INTO BOARD (BOARD_NO, TAB_NO, LICENSE_NO, MEMBER_NO, BOARD_TITLE, BOARD_CONTENT, BOARD_DATE, LIKE_COUNT, HATE_COUNT, STATUS, VIEW_COUNT) 
VALUES (9, 3, 1, 9, '안녕하세요~~~ 9', '반갑습니다~~ 9', to_date('01/18/2024', 'MM/DD/RRRR'), 10, 4, 'Y', 0);

INSERT INTO BOARD (BOARD_NO, TAB_NO, LICENSE_NO, MEMBER_NO, BOARD_TITLE, BOARD_CONTENT, BOARD_DATE, LIKE_COUNT, HATE_COUNT, STATUS, VIEW_COUNT) 
VALUES (10, 1, 2, 1, '공지입니다2', '대충 공지내용 2', to_date('01/19/2024', 'MM/DD/RRRR'), 1, 3, 'Y', 0);

INSERT INTO BOARD (BOARD_NO, TAB_NO, LICENSE_NO, MEMBER_NO, BOARD_TITLE, BOARD_CONTENT, BOARD_DATE, LIKE_COUNT, HATE_COUNT, STATUS, VIEW_COUNT) 
VALUES (11, 5, 3, 11, '안녕하세요~~~ 11', '반갑습니다~~ 11', to_date('01/20/2024', 'MM/DD/RRRR'), 11, 3, 'Y', 0);

INSERT INTO BOARD (BOARD_NO, TAB_NO, LICENSE_NO, MEMBER_NO, BOARD_TITLE, BOARD_CONTENT, BOARD_DATE, LIKE_COUNT, HATE_COUNT, STATUS, VIEW_COUNT) 
VALUES (12, 6, 4, 12, '안녕하세요~~~ 12', '반갑습니다~~ 12', to_date('01/21/2024', 'MM/DD/RRRR'), 17, 6, 'Y', 0);

INSERT INTO BOARD (BOARD_NO, TAB_NO, LICENSE_NO, MEMBER_NO, BOARD_TITLE, BOARD_CONTENT, BOARD_DATE, LIKE_COUNT, HATE_COUNT, STATUS, VIEW_COUNT) 
VALUES (13, 7, 1, 13, '안녕하세요~~~ 13', '반갑습니다~~ 13', to_date('01/22/2024', 'MM/DD/RRRR'), 2, 10, 'Y', 0);

INSERT INTO BOARD (BOARD_NO, TAB_NO, LICENSE_NO, MEMBER_NO, BOARD_TITLE, BOARD_CONTENT, BOARD_DATE, LIKE_COUNT, HATE_COUNT, STATUS, VIEW_COUNT) 
VALUES (14, 2, 2, 14, '안녕하세요~~~ 14', '반갑습니다~~ 14', to_date('01/23/2024', 'MM/DD/RRRR'), 0, 9, 'Y', 0);

INSERT INTO BOARD (BOARD_NO, TAB_NO, LICENSE_NO, MEMBER_NO, BOARD_TITLE, BOARD_CONTENT, BOARD_DATE, LIKE_COUNT, HATE_COUNT, STATUS, VIEW_COUNT) 
VALUES (15, 3, 3, 15, '안녕하세요~~~ 15', '반갑습니다~~ 15', to_date('01/24/2024', 'MM/DD/RRRR'), 12, 10, 'Y', 0);

INSERT INTO BOARD (BOARD_NO, TAB_NO, LICENSE_NO, MEMBER_NO, BOARD_TITLE, BOARD_CONTENT, BOARD_DATE, LIKE_COUNT, HATE_COUNT, STATUS, VIEW_COUNT) 
VALUES (16, 4, 4, 16, '안녕하세요~~~ 16', '반갑습니다~~ 16', to_date('01/25/2024', 'MM/DD/RRRR'), 26, 9, 'Y', 0);

INSERT INTO BOARD (BOARD_NO, TAB_NO, LICENSE_NO, MEMBER_NO, BOARD_TITLE, BOARD_CONTENT, BOARD_DATE, LIKE_COUNT, HATE_COUNT, STATUS, VIEW_COUNT) 
VALUES (17, 5, 1, 17, '안녕하세요~~~ 17', '반갑습니다~~ 17', to_date('01/26/2024', 'MM/DD/RRRR'), 7, 7, 'Y', 0);

INSERT INTO BOARD (BOARD_NO, TAB_NO, LICENSE_NO, MEMBER_NO, BOARD_TITLE, BOARD_CONTENT, BOARD_DATE, LIKE_COUNT, HATE_COUNT, STATUS, VIEW_COUNT) 
VALUES (18, 6, 2, 18, '안녕하세요~~~ 18', '반갑습니다~~ 18', to_date('01/27/2024', 'MM/DD/RRRR'), 24, 3, 'Y', 0);

INSERT INTO BOARD (BOARD_NO, TAB_NO, LICENSE_NO, MEMBER_NO, BOARD_TITLE, BOARD_CONTENT, BOARD_DATE, LIKE_COUNT, HATE_COUNT, STATUS, VIEW_COUNT) 
VALUES (19, 7, 3, 19, '안녕하세요~~~ 19', '반갑습니다~~ 19', to_date('01/28/2024', 'MM/DD/RRRR'), 30, 1, 'Y', 0);

INSERT INTO BOARD (BOARD_NO, TAB_NO, LICENSE_NO, MEMBER_NO, BOARD_TITLE, BOARD_CONTENT, BOARD_DATE, LIKE_COUNT, HATE_COUNT, STATUS, VIEW_COUNT) 
VALUES (20, 2, 4, 20, '안녕하세요~~~ 20', '반갑습니다~~ 20', to_date('01/29/2024', 'MM/DD/RRRR'), 14, 8, 'Y', 0);

INSERT INTO BOARD (BOARD_NO, TAB_NO, LICENSE_NO, MEMBER_NO, BOARD_TITLE, BOARD_CONTENT, BOARD_DATE, LIKE_COUNT, HATE_COUNT, STATUS, VIEW_COUNT) 
VALUES (21, 3, 1, 21, '안녕하세요~~~ 21', '반갑습니다~~ 21', to_date('01/30/2024', 'MM/DD/RRRR'), 25, 5, 'Y', 0);

INSERT INTO BOARD (BOARD_NO, TAB_NO, LICENSE_NO, MEMBER_NO, BOARD_TITLE, BOARD_CONTENT, BOARD_DATE, LIKE_COUNT, HATE_COUNT, STATUS, VIEW_COUNT) 
VALUES (22, 4, 2, 22, '안녕하세요~~~ 22', '반갑습니다~~ 22', to_date('01/31/2024', 'MM/DD/RRRR'), 0, 3, 'Y', 0);

INSERT INTO BOARD (BOARD_NO, TAB_NO, LICENSE_NO, MEMBER_NO, BOARD_TITLE, BOARD_CONTENT, BOARD_DATE, LIKE_COUNT, HATE_COUNT, STATUS, VIEW_COUNT) 
VALUES (23, 1, 3, 1, '공지입니다3', '대충 공지내용 3', to_date('02/01/2024', 'MM/DD/RRRR'), 1, 3, 'Y', 0);

INSERT INTO BOARD (BOARD_NO, TAB_NO, LICENSE_NO, MEMBER_NO, BOARD_TITLE, BOARD_CONTENT, BOARD_DATE, LIKE_COUNT, HATE_COUNT, STATUS, VIEW_COUNT) 
VALUES (24, 6, 4, 24, '안녕하세요~~~ 24', '반갑습니다~~ 24', to_date('02/02/2024', 'MM/DD/RRRR'), 1, 9, 'Y', 0);

INSERT INTO BOARD (BOARD_NO, TAB_NO, LICENSE_NO, MEMBER_NO, BOARD_TITLE, BOARD_CONTENT, BOARD_DATE, LIKE_COUNT, HATE_COUNT, STATUS, VIEW_COUNT) 
VALUES (25, 7, 1, 25, '안녕하세요~~~ 25', '반갑습니다~~ 25', to_date('02/03/2024', 'MM/DD/RRRR'), 3, 1, 'Y', 0);

INSERT INTO BOARD (BOARD_NO, TAB_NO, LICENSE_NO, MEMBER_NO, BOARD_TITLE, BOARD_CONTENT, BOARD_DATE, LIKE_COUNT, HATE_COUNT, STATUS, VIEW_COUNT) 
VALUES (26, 2, 2, 26, '안녕하세요~~~ 26', '반갑습니다~~ 26', to_date('02/04/2024', 'MM/DD/RRRR'), 16, 5, 'Y', 0);

INSERT INTO BOARD (BOARD_NO, TAB_NO, LICENSE_NO, MEMBER_NO, BOARD_TITLE, BOARD_CONTENT, BOARD_DATE, LIKE_COUNT, HATE_COUNT, STATUS, VIEW_COUNT) 
VALUES (27, 3, 3, 27, '안녕하세요~~~ 27', '반갑습니다~~ 27', to_date('02/05/2024', 'MM/DD/RRRR'), 14, 2, 'Y', 0);

INSERT INTO BOARD (BOARD_NO, TAB_NO, LICENSE_NO, MEMBER_NO, BOARD_TITLE, BOARD_CONTENT, BOARD_DATE, LIKE_COUNT, HATE_COUNT, STATUS, VIEW_COUNT) 
VALUES (28, 4, 4, 28, '안녕하세요~~~ 28', '반갑습니다~~ 28', to_date('02/06/2024', 'MM/DD/RRRR'), 14, 2, 'Y', 0);

INSERT INTO BOARD (BOARD_NO, TAB_NO, LICENSE_NO, MEMBER_NO, BOARD_TITLE, BOARD_CONTENT, BOARD_DATE, LIKE_COUNT, HATE_COUNT, STATUS, VIEW_COUNT) 
VALUES (29, 5, 1, 29, '안녕하세요~~~ 29', '반갑습니다~~ 29', to_date('02/07/2024', 'MM/DD/RRRR'), 9, 0, 'Y', 0);

INSERT INTO BOARD (BOARD_NO, TAB_NO, LICENSE_NO, MEMBER_NO, BOARD_TITLE, BOARD_CONTENT, BOARD_DATE, LIKE_COUNT, HATE_COUNT, STATUS, VIEW_COUNT) 
VALUES (30, 6, 2, 30, '안녕하세요~~~ 30', '반갑습니다~~ 30', to_date('02/08/2024', 'MM/DD/RRRR'), 18, 5, 'Y', 0);

INSERT INTO BOARD (BOARD_NO, TAB_NO, LICENSE_NO, MEMBER_NO, BOARD_TITLE, BOARD_CONTENT, BOARD_DATE, LIKE_COUNT, HATE_COUNT, STATUS, VIEW_COUNT) 
VALUES (31, 7, 3, 2, '안녕하세요~~~ 31', '반갑습니다~~ 31', to_date('02/09/2024', 'MM/DD/RRRR'), 20, 0, 'Y', 0);

INSERT INTO BOARD (BOARD_NO, TAB_NO, LICENSE_NO, MEMBER_NO, BOARD_TITLE, BOARD_CONTENT, BOARD_DATE, LIKE_COUNT, HATE_COUNT, STATUS, VIEW_COUNT) 
VALUES (32, 2, 4, 3, '안녕하세요~~~ 32', '반갑습니다~~ 32', to_date('02/10/2024', 'MM/DD/RRRR'), 29, 1, 'Y', 0);

INSERT INTO BOARD (BOARD_NO, TAB_NO, LICENSE_NO, MEMBER_NO, BOARD_TITLE, BOARD_CONTENT, BOARD_DATE, LIKE_COUNT, HATE_COUNT, STATUS, VIEW_COUNT) 
VALUES (33, 3, 1, 4, '안녕하세요~~~ 33', '반갑습니다~~ 33', to_date('02/11/2024', 'MM/DD/RRRR'), 26, 6, 'Y', 0);

INSERT INTO BOARD (BOARD_NO, TAB_NO, LICENSE_NO, MEMBER_NO, BOARD_TITLE, BOARD_CONTENT, BOARD_DATE, LIKE_COUNT, HATE_COUNT, STATUS, VIEW_COUNT) 
VALUES (34, 4, 2, 5, '안녕하세요~~~ 34', '반갑습니다~~ 34', to_date('02/12/2024', 'MM/DD/RRRR'), 1, 1, 'Y', 0);

INSERT INTO BOARD (BOARD_NO, TAB_NO, LICENSE_NO, MEMBER_NO, BOARD_TITLE, BOARD_CONTENT, BOARD_DATE, LIKE_COUNT, HATE_COUNT, STATUS, VIEW_COUNT) 
VALUES (35, 5, 3, 6, '안녕하세요~~~ 35', '반갑습니다~~ 35', to_date('02/13/2024', 'MM/DD/RRRR'), 5, 4, 'Y', 0);

INSERT INTO BOARD (BOARD_NO, TAB_NO, LICENSE_NO, MEMBER_NO, BOARD_TITLE, BOARD_CONTENT, BOARD_DATE, LIKE_COUNT, HATE_COUNT, STATUS, VIEW_COUNT) 
VALUES (36, 6, 4, 7, '안녕하세요~~~ 36', '반갑습니다~~ 36', to_date('02/14/2024', 'MM/DD/RRRR'), 24, 1, 'Y', 0);

INSERT INTO BOARD (BOARD_NO, TAB_NO, LICENSE_NO, MEMBER_NO, BOARD_TITLE, BOARD_CONTENT, BOARD_DATE, LIKE_COUNT, HATE_COUNT, STATUS, VIEW_COUNT) 
VALUES (37, 7, 1, 8, '안녕하세요~~~ 37', '반갑습니다~~ 37', to_date('02/15/2024', 'MM/DD/RRRR'), 22, 8, 'Y', 0);

INSERT INTO BOARD (BOARD_NO, TAB_NO, LICENSE_NO, MEMBER_NO, BOARD_TITLE, BOARD_CONTENT, BOARD_DATE, LIKE_COUNT, HATE_COUNT, STATUS, VIEW_COUNT) 
VALUES (38, 2, 2, 9, '안녕하세요~~~ 38', '반갑습니다~~ 38', to_date('02/16/2024', 'MM/DD/RRRR'), 3, 10, 'Y', 0);

INSERT INTO BOARD (BOARD_NO, TAB_NO, LICENSE_NO, MEMBER_NO, BOARD_TITLE, BOARD_CONTENT, BOARD_DATE, LIKE_COUNT, HATE_COUNT, STATUS, VIEW_COUNT) 
VALUES (39, 3, 3, 10, '안녕하세요~~~ 39', '반갑습니다~~ 39', to_date('02/17/2024', 'MM/DD/RRRR'), 27, 5, 'Y', 0);

INSERT INTO BOARD (BOARD_NO, TAB_NO, LICENSE_NO, MEMBER_NO, BOARD_TITLE, BOARD_CONTENT, BOARD_DATE, LIKE_COUNT, HATE_COUNT, STATUS, VIEW_COUNT) 
VALUES (40, 1, 4, 1, '공지입니다4', '대충 공지내용 4', to_date('02/18/2024', 'MM/DD/RRRR'), 12, 3, 'Y', 0);

INSERT INTO BOARD (BOARD_NO, TAB_NO, LICENSE_NO, MEMBER_NO, BOARD_TITLE, BOARD_CONTENT, BOARD_DATE, LIKE_COUNT, HATE_COUNT, STATUS, VIEW_COUNT) 
VALUES (41, 5, 1, 12, '안녕하세요~~~ 41', '반갑습니다~~ 41', to_date('02/19/2024', 'MM/DD/RRRR'), 20, 3, 'Y', 0);

INSERT INTO BOARD (BOARD_NO, TAB_NO, LICENSE_NO, MEMBER_NO, BOARD_TITLE, BOARD_CONTENT, BOARD_DATE, LIKE_COUNT, HATE_COUNT, STATUS, VIEW_COUNT) 
VALUES (42, 6, 2, 13, '안녕하세요~~~ 42', '반갑습니다~~ 42', to_date('02/20/2024', 'MM/DD/RRRR'), 2, 5, 'Y', 0);

INSERT INTO BOARD (BOARD_NO, TAB_NO, LICENSE_NO, MEMBER_NO, BOARD_TITLE, BOARD_CONTENT, BOARD_DATE, LIKE_COUNT, HATE_COUNT, STATUS, VIEW_COUNT) 
VALUES (43, 7, 3, 14, '안녕하세요~~~ 43', '반갑습니다~~ 43', to_date('02/21/2024', 'MM/DD/RRRR'), 15, 10, 'Y', 0);

INSERT INTO BOARD (BOARD_NO, TAB_NO, LICENSE_NO, MEMBER_NO, BOARD_TITLE, BOARD_CONTENT, BOARD_DATE, LIKE_COUNT, HATE_COUNT, STATUS, VIEW_COUNT) 
VALUES (44, 2, 4, 15, '안녕하세요~~~ 44', '반갑습니다~~ 44', to_date('02/22/2024', 'MM/DD/RRRR'), 14, 6, 'Y', 0);

INSERT INTO BOARD (BOARD_NO, TAB_NO, LICENSE_NO, MEMBER_NO, BOARD_TITLE, BOARD_CONTENT, BOARD_DATE, LIKE_COUNT, HATE_COUNT, STATUS, VIEW_COUNT) 
VALUES (45, 1, 1, 1, '공지입니다5', '대충 공지내용 5', to_date('02/23/2024', 'MM/DD/RRRR'), 21, 7, 'Y', 0);

INSERT INTO BOARD (BOARD_NO, TAB_NO, LICENSE_NO, MEMBER_NO, BOARD_TITLE, BOARD_CONTENT, BOARD_DATE, LIKE_COUNT, HATE_COUNT, STATUS, VIEW_COUNT) 
VALUES (46, 4, 2, 17, '안녕하세요~~~ 46', '반갑습니다~~ 46', to_date('02/24/2024', 'MM/DD/RRRR'), 7, 0, 'Y', 0);

INSERT INTO BOARD (BOARD_NO, TAB_NO, LICENSE_NO, MEMBER_NO, BOARD_TITLE, BOARD_CONTENT, BOARD_DATE, LIKE_COUNT, HATE_COUNT, STATUS, VIEW_COUNT) 
VALUES (47, 5, 3, 18, '안녕하세요~~~ 47', '반갑습니다~~ 47', to_date('02/25/2024', 'MM/DD/RRRR'), 17, 1, 'Y', 0);

INSERT INTO BOARD (BOARD_NO, TAB_NO, LICENSE_NO, MEMBER_NO, BOARD_TITLE, BOARD_CONTENT, BOARD_DATE, LIKE_COUNT, HATE_COUNT, STATUS, VIEW_COUNT) 
VALUES (48, 6, 4, 19, '안녕하세요~~~ 48', '반갑습니다~~ 48', to_date('02/26/2024', 'MM/DD/RRRR'), 0, 1, 'Y', 0);

INSERT INTO BOARD (BOARD_NO, TAB_NO, LICENSE_NO, MEMBER_NO, BOARD_TITLE, BOARD_CONTENT, BOARD_DATE, LIKE_COUNT, HATE_COUNT, STATUS, VIEW_COUNT) 
VALUES (49, 1, 1, 1, '공지입니다6', '대충 공지내용 6', to_date('02/27/2024', 'MM/DD/RRRR'), 13, 1, 'Y', 0);

INSERT INTO BOARD (BOARD_NO, TAB_NO, LICENSE_NO, MEMBER_NO, BOARD_TITLE, BOARD_CONTENT, BOARD_DATE, LIKE_COUNT, HATE_COUNT, STATUS, VIEW_COUNT) 
VALUES (50, 2, 2, 21, '안녕하세요~~~ 50', '반갑습니다~~ 50', to_date('02/28/2024', 'MM/DD/RRRR'), 0, 3, 'Y', 0);

INSERT INTO BOARD (BOARD_NO, TAB_NO, LICENSE_NO, MEMBER_NO, BOARD_TITLE, BOARD_CONTENT, BOARD_DATE, LIKE_COUNT, HATE_COUNT, STATUS, VIEW_COUNT) 
VALUES (51, 3, 3, 22, '안녕하세요~~~ 51', '반갑습니다~~ 51', to_date('02/29/2024', 'MM/DD/RRRR'), 16, 0, 'Y', 0);

INSERT INTO BOARD (BOARD_NO, TAB_NO, LICENSE_NO, MEMBER_NO, BOARD_TITLE, BOARD_CONTENT, BOARD_DATE, LIKE_COUNT, HATE_COUNT, STATUS, VIEW_COUNT) 
VALUES (52, 4, 4, 23, '안녕하세요~~~ 52', '반갑습니다~~ 52', to_date('03/01/2024', 'MM/DD/RRRR'), 1, 9, 'Y', 0);

INSERT INTO BOARD (BOARD_NO, TAB_NO, LICENSE_NO, MEMBER_NO, BOARD_TITLE, BOARD_CONTENT, BOARD_DATE, LIKE_COUNT, HATE_COUNT, STATUS, VIEW_COUNT) 
VALUES (53, 5, 1, 24, '안녕하세요~~~ 53', '반갑습니다~~ 53', to_date('03/02/2024', 'MM/DD/RRRR'), 9, 7, 'Y', 0);

INSERT INTO BOARD (BOARD_NO, TAB_NO, LICENSE_NO, MEMBER_NO, BOARD_TITLE, BOARD_CONTENT, BOARD_DATE, LIKE_COUNT, HATE_COUNT, STATUS, VIEW_COUNT) 
VALUES (54, 6, 2, 25, '안녕하세요~~~ 54', '반갑습니다~~ 54', to_date('03/03/2024', 'MM/DD/RRRR'), 16, 4, 'Y', 0);

INSERT INTO BOARD (BOARD_NO, TAB_NO, LICENSE_NO, MEMBER_NO, BOARD_TITLE, BOARD_CONTENT, BOARD_DATE, LIKE_COUNT, HATE_COUNT, STATUS, VIEW_COUNT) 
VALUES (55, 7, 3, 26, '안녕하세요~~~ 55', '반갑습니다~~ 55', to_date('03/04/2024', 'MM/DD/RRRR'), 16, 8, 'Y', 0);

INSERT INTO BOARD (BOARD_NO, TAB_NO, LICENSE_NO, MEMBER_NO, BOARD_TITLE, BOARD_CONTENT, BOARD_DATE, LIKE_COUNT, HATE_COUNT, STATUS, VIEW_COUNT) 
VALUES (56, 2, 4, 27, '안녕하세요~~~ 56', '반갑습니다~~ 56', to_date('03/05/2024', 'MM/DD/RRRR'), 28, 3, 'Y', 0);

INSERT INTO BOARD (BOARD_NO, TAB_NO, LICENSE_NO, MEMBER_NO, BOARD_TITLE, BOARD_CONTENT, BOARD_DATE, LIKE_COUNT, HATE_COUNT, STATUS, VIEW_COUNT) 
VALUES (57, 3, 1, 28, '안녕하세요~~~ 57', '반갑습니다~~ 57', to_date('03/06/2024', 'MM/DD/RRRR'), 7, 3, 'Y', 0);

INSERT INTO BOARD (BOARD_NO, TAB_NO, LICENSE_NO, MEMBER_NO, BOARD_TITLE, BOARD_CONTENT, BOARD_DATE, LIKE_COUNT, HATE_COUNT, STATUS, VIEW_COUNT) 
VALUES (58, 4, 2, 29, '안녕하세요~~~ 58', '반갑습니다~~ 58', to_date('03/07/2024', 'MM/DD/RRRR'), 13, 3, 'Y', 0);

INSERT INTO BOARD (BOARD_NO, TAB_NO, LICENSE_NO, MEMBER_NO, BOARD_TITLE, BOARD_CONTENT, BOARD_DATE, LIKE_COUNT, HATE_COUNT, STATUS, VIEW_COUNT) 
VALUES (59, 5, 3, 30, '안녕하세요~~~ 59', '반갑습니다~~ 59', to_date('03/08/2024', 'MM/DD/RRRR'), 30, 7, 'Y', 0);

INSERT INTO BOARD (BOARD_NO, TAB_NO, LICENSE_NO, MEMBER_NO, BOARD_TITLE, BOARD_CONTENT, BOARD_DATE, LIKE_COUNT, HATE_COUNT, STATUS, VIEW_COUNT) 
VALUES (60, 6, 4, 2, '안녕하세요~~~ 60', '반갑습니다~~ 60', to_date('03/09/2024', 'MM/DD/RRRR'), 13, 0, 'Y', 0);

INSERT INTO BOARD (BOARD_NO, TAB_NO, LICENSE_NO, MEMBER_NO, BOARD_TITLE, BOARD_CONTENT, BOARD_DATE, LIKE_COUNT, HATE_COUNT, STATUS, VIEW_COUNT) 
VALUES (61, 1, 1, 1, '공지입니다7', '대충 공지내용 7', to_date('03/10/2024', 'MM/DD/RRRR'), 3, 3, 'Y', 0);

INSERT INTO BOARD (BOARD_NO, TAB_NO, LICENSE_NO, MEMBER_NO, BOARD_TITLE, BOARD_CONTENT, BOARD_DATE, LIKE_COUNT, HATE_COUNT, STATUS, VIEW_COUNT) 
VALUES (62, 2, 2, 4, '안녕하세요~~~ 62', '반갑습니다~~ 62', to_date('03/11/2024', 'MM/DD/RRRR'), 8, 8, 'Y', 0);

INSERT INTO BOARD (BOARD_NO, TAB_NO, LICENSE_NO, MEMBER_NO, BOARD_TITLE, BOARD_CONTENT, BOARD_DATE, LIKE_COUNT, HATE_COUNT, STATUS, VIEW_COUNT) 
VALUES (63, 3, 3, 5, '안녕하세요~~~ 63', '반갑습니다~~ 63', to_date('03/12/2024', 'MM/DD/RRRR'), 25, 5, 'Y', 0);

INSERT INTO BOARD (BOARD_NO, TAB_NO, LICENSE_NO, MEMBER_NO, BOARD_TITLE, BOARD_CONTENT, BOARD_DATE, LIKE_COUNT, HATE_COUNT, STATUS, VIEW_COUNT) 
VALUES (64, 4, 4, 6, '안녕하세요~~~ 64', '반갑습니다~~ 64', to_date('03/13/2024', 'MM/DD/RRRR'), 25, 5, 'Y', 0);

INSERT INTO BOARD (BOARD_NO, TAB_NO, LICENSE_NO, MEMBER_NO, BOARD_TITLE, BOARD_CONTENT, BOARD_DATE, LIKE_COUNT, HATE_COUNT, STATUS, VIEW_COUNT) 
VALUES (65, 5, 1, 7, '안녕하세요~~~ 65', '반갑습니다~~ 65', to_date('03/14/2024', 'MM/DD/RRRR'), 8, 8, 'Y', 0);

INSERT INTO BOARD (BOARD_NO, TAB_NO, LICENSE_NO, MEMBER_NO, BOARD_TITLE, BOARD_CONTENT, BOARD_DATE, LIKE_COUNT, HATE_COUNT, STATUS, VIEW_COUNT) 
VALUES (66, 6, 2, 8, '안녕하세요~~~ 66', '반갑습니다~~ 66', to_date('03/15/2024', 'MM/DD/RRRR'), 19, 10, 'Y', 0);

INSERT INTO BOARD (BOARD_NO, TAB_NO, LICENSE_NO, MEMBER_NO, BOARD_TITLE, BOARD_CONTENT, BOARD_DATE, LIKE_COUNT, HATE_COUNT, STATUS, VIEW_COUNT) 
VALUES (67, 7, 3, 9, '안녕하세요~~~ 67', '반갑습니다~~ 67', to_date('03/16/2024', 'MM/DD/RRRR'), 25, 9, 'Y', 0);

INSERT INTO BOARD (BOARD_NO, TAB_NO, LICENSE_NO, MEMBER_NO, BOARD_TITLE, BOARD_CONTENT, BOARD_DATE, LIKE_COUNT, HATE_COUNT, STATUS, VIEW_COUNT) 
VALUES (68, 2, 4, 10, '안녕하세요~~~ 68', '반갑습니다~~ 68', to_date('03/17/2024', 'MM/DD/RRRR'), 16, 6, 'Y', 0);

INSERT INTO BOARD (BOARD_NO, TAB_NO, LICENSE_NO, MEMBER_NO, BOARD_TITLE, BOARD_CONTENT, BOARD_DATE, LIKE_COUNT, HATE_COUNT, STATUS, VIEW_COUNT) 
VALUES (69, 3, 1, 11, '안녕하세요~~~ 69', '반갑습니다~~ 69', to_date('03/18/2024', 'MM/DD/RRRR'), 8, 1, 'Y', 0);

INSERT INTO BOARD (BOARD_NO, TAB_NO, LICENSE_NO, MEMBER_NO, BOARD_TITLE, BOARD_CONTENT, BOARD_DATE, LIKE_COUNT, HATE_COUNT, STATUS, VIEW_COUNT) 
VALUES (70, 4, 2, 12, '안녕하세요~~~ 70', '반갑습니다~~ 70', to_date('03/19/2024', 'MM/DD/RRRR'), 12, 8, 'Y', 0);

INSERT INTO BOARD (BOARD_NO, TAB_NO, LICENSE_NO, MEMBER_NO, BOARD_TITLE, BOARD_CONTENT, BOARD_DATE, LIKE_COUNT, HATE_COUNT, STATUS, VIEW_COUNT) 
VALUES (71, 5, 3, 13, '안녕하세요~~~ 71', '반갑습니다~~ 71', to_date('03/20/2024', 'MM/DD/RRRR'), 27, 9, 'Y', 0);

INSERT INTO BOARD (BOARD_NO, TAB_NO, LICENSE_NO, MEMBER_NO, BOARD_TITLE, BOARD_CONTENT, BOARD_DATE, LIKE_COUNT, HATE_COUNT, STATUS, VIEW_COUNT) 
VALUES (72, 6, 4, 14, '안녕하세요~~~ 72', '반갑습니다~~ 72', to_date('03/21/2024', 'MM/DD/RRRR'), 15, 6, 'Y', 0);

INSERT INTO BOARD (BOARD_NO, TAB_NO, LICENSE_NO, MEMBER_NO, BOARD_TITLE, BOARD_CONTENT, BOARD_DATE, LIKE_COUNT, HATE_COUNT, STATUS, VIEW_COUNT) 
VALUES (73, 7, 1, 15, '안녕하세요~~~ 73', '반갑습니다~~ 73', to_date('03/22/2024', 'MM/DD/RRRR'), 29, 7, 'Y', 0);

INSERT INTO BOARD (BOARD_NO, TAB_NO, LICENSE_NO, MEMBER_NO, BOARD_TITLE, BOARD_CONTENT, BOARD_DATE, LIKE_COUNT, HATE_COUNT, STATUS, VIEW_COUNT) 
VALUES (74, 2, 2, 16, '안녕하세요~~~ 74', '반갑습니다~~ 74', to_date('03/23/2024', 'MM/DD/RRRR'), 16, 2, 'Y', 0);

INSERT INTO BOARD (BOARD_NO, TAB_NO, LICENSE_NO, MEMBER_NO, BOARD_TITLE, BOARD_CONTENT, BOARD_DATE, LIKE_COUNT, HATE_COUNT, STATUS, VIEW_COUNT) 
VALUES (75, 3, 3, 17, '안녕하세요~~~ 75', '반갑습니다~~ 75', to_date('03/24/2024', 'MM/DD/RRRR'), 2, 2, 'Y', 0);

INSERT INTO BOARD (BOARD_NO, TAB_NO, LICENSE_NO, MEMBER_NO, BOARD_TITLE, BOARD_CONTENT, BOARD_DATE, LIKE_COUNT, HATE_COUNT, STATUS, VIEW_COUNT) 
VALUES (76, 4, 4, 18, '안녕하세요~~~ 76', '반갑습니다~~ 76', to_date('03/25/2024', 'MM/DD/RRRR'), 4, 1, 'Y', 0);

INSERT INTO BOARD (BOARD_NO, TAB_NO, LICENSE_NO, MEMBER_NO, BOARD_TITLE, BOARD_CONTENT, BOARD_DATE, LIKE_COUNT, HATE_COUNT, STATUS, VIEW_COUNT) 
VALUES (77, 5, 1, 19, '안녕하세요~~~ 77', '반갑습니다~~ 77', to_date('03/26/2024', 'MM/DD/RRRR'), 23, 10, 'Y', 0);

INSERT INTO BOARD (BOARD_NO, TAB_NO, LICENSE_NO, MEMBER_NO, BOARD_TITLE, BOARD_CONTENT, BOARD_DATE, LIKE_COUNT, HATE_COUNT, STATUS, VIEW_COUNT) 
VALUES (78, 6, 2, 20, '안녕하세요~~~ 78', '반갑습니다~~ 78', to_date('03/27/2024', 'MM/DD/RRRR'), 17, 6, 'Y', 0);

INSERT INTO BOARD (BOARD_NO, TAB_NO, LICENSE_NO, MEMBER_NO, BOARD_TITLE, BOARD_CONTENT, BOARD_DATE, LIKE_COUNT, HATE_COUNT, STATUS, VIEW_COUNT) 
VALUES (79, 7, 3, 21, '안녕하세요~~~ 79', '반갑습니다~~ 79', to_date('03/28/2024', 'MM/DD/RRRR'), 0, 8, 'Y', 0);

INSERT INTO BOARD (BOARD_NO, TAB_NO, LICENSE_NO, MEMBER_NO, BOARD_TITLE, BOARD_CONTENT, BOARD_DATE, LIKE_COUNT, HATE_COUNT, STATUS, VIEW_COUNT) 
VALUES (80, 2, 4, 22, '안녕하세요~~~ 80', '반갑습니다~~ 80', to_date('03/29/2024', 'MM/DD/RRRR'), 6, 9, 'Y', 0);

INSERT INTO BOARD (BOARD_NO, TAB_NO, LICENSE_NO, MEMBER_NO, BOARD_TITLE, BOARD_CONTENT, BOARD_DATE, LIKE_COUNT, HATE_COUNT, STATUS, VIEW_COUNT) 
VALUES (81, 1, 1, 1, '공지입니다8', '대충 공지내용 8', to_date('03/30/2024', 'MM/DD/RRRR'), 19, 1, 'Y', 0);

INSERT INTO BOARD (BOARD_NO, TAB_NO, LICENSE_NO, MEMBER_NO, BOARD_TITLE, BOARD_CONTENT, BOARD_DATE, LIKE_COUNT, HATE_COUNT, STATUS, VIEW_COUNT) 
VALUES (82, 4, 2, 24, '안녕하세요~~~ 82', '반갑습니다~~ 82', to_date('03/31/2024', 'MM/DD/RRRR'), 11, 5, 'Y', 0);

INSERT INTO BOARD (BOARD_NO, TAB_NO, LICENSE_NO, MEMBER_NO, BOARD_TITLE, BOARD_CONTENT, BOARD_DATE, LIKE_COUNT, HATE_COUNT, STATUS, VIEW_COUNT) 
VALUES (83, 5, 3, 25, '안녕하세요~~~ 83', '반갑습니다~~ 83', to_date('04/01/2024', 'MM/DD/RRRR'), 10, 7, 'Y', 0);

INSERT INTO BOARD (BOARD_NO, TAB_NO, LICENSE_NO, MEMBER_NO, BOARD_TITLE, BOARD_CONTENT, BOARD_DATE, LIKE_COUNT, HATE_COUNT, STATUS, VIEW_COUNT) 
VALUES (84, 6, 4, 26, '안녕하세요~~~ 84', '반갑습니다~~ 84', to_date('04/02/2024', 'MM/DD/RRRR'), 20, 1, 'Y', 0);

INSERT INTO BOARD (BOARD_NO, TAB_NO, LICENSE_NO, MEMBER_NO, BOARD_TITLE, BOARD_CONTENT, BOARD_DATE, LIKE_COUNT, HATE_COUNT, STATUS, VIEW_COUNT) 
VALUES (85, 7, 1, 27, '안녕하세요~~~ 85', '반갑습니다~~ 85', to_date('04/03/2024', 'MM/DD/RRRR'), 15, 7, 'Y', 0);

INSERT INTO BOARD (BOARD_NO, TAB_NO, LICENSE_NO, MEMBER_NO, BOARD_TITLE, BOARD_CONTENT, BOARD_DATE, LIKE_COUNT, HATE_COUNT, STATUS, VIEW_COUNT) 
VALUES (86, 2, 2, 28, '안녕하세요~~~ 86', '반갑습니다~~ 86', to_date('04/04/2024', 'MM/DD/RRRR'), 4, 0, 'Y', 0);

INSERT INTO BOARD (BOARD_NO, TAB_NO, LICENSE_NO, MEMBER_NO, BOARD_TITLE, BOARD_CONTENT, BOARD_DATE, LIKE_COUNT, HATE_COUNT, STATUS, VIEW_COUNT) 
VALUES (87, 3, 3, 29, '안녕하세요~~~ 87', '반갑습니다~~ 87', to_date('04/05/2024', 'MM/DD/RRRR'), 1, 4, 'Y', 0);

INSERT INTO BOARD (BOARD_NO, TAB_NO, LICENSE_NO, MEMBER_NO, BOARD_TITLE, BOARD_CONTENT, BOARD_DATE, LIKE_COUNT, HATE_COUNT, STATUS, VIEW_COUNT) 
VALUES (88, 4, 4, 30, '안녕하세요~~~ 88', '반갑습니다~~ 88', to_date('04/06/2024', 'MM/DD/RRRR'), 17, 5, 'Y', 0);

INSERT INTO BOARD (BOARD_NO, TAB_NO, LICENSE_NO, MEMBER_NO, BOARD_TITLE, BOARD_CONTENT, BOARD_DATE, LIKE_COUNT, HATE_COUNT, STATUS, VIEW_COUNT) 
VALUES (89, 1, 1, 1, '공지입니다9', '대충 공지내용 9', to_date('04/07/2024', 'MM/DD/RRRR'), 9, 0, 'Y', 0);

INSERT INTO BOARD (BOARD_NO, TAB_NO, LICENSE_NO, MEMBER_NO, BOARD_TITLE, BOARD_CONTENT, BOARD_DATE, LIKE_COUNT, HATE_COUNT, STATUS, VIEW_COUNT) 
VALUES (90, 6, 2, 3, '안녕하세요~~~ 90', '반갑습니다~~ 90', to_date('04/08/2024', 'MM/DD/RRRR'), 8, 0, 'Y', 0);

INSERT INTO BOARD (BOARD_NO, TAB_NO, LICENSE_NO, MEMBER_NO, BOARD_TITLE, BOARD_CONTENT, BOARD_DATE, LIKE_COUNT, HATE_COUNT, STATUS, VIEW_COUNT) 
VALUES (91, 7, 3, 4, '안녕하세요~~~ 91', '반갑습니다~~ 91', to_date('04/09/2024', 'MM/DD/RRRR'), 12, 1, 'Y', 0);

INSERT INTO BOARD (BOARD_NO, TAB_NO, LICENSE_NO, MEMBER_NO, BOARD_TITLE, BOARD_CONTENT, BOARD_DATE, LIKE_COUNT, HATE_COUNT, STATUS, VIEW_COUNT) 
VALUES (92, 2, 4, 5, '안녕하세요~~~ 92', '반갑습니다~~ 92', to_date('04/10/2024', 'MM/DD/RRRR'), 28, 7, 'Y', 0);

INSERT INTO BOARD (BOARD_NO, TAB_NO, LICENSE_NO, MEMBER_NO, BOARD_TITLE, BOARD_CONTENT, BOARD_DATE, LIKE_COUNT, HATE_COUNT, STATUS, VIEW_COUNT) 
VALUES (93, 3, 1, 6, '안녕하세요~~~ 93', '반갑습니다~~ 93', to_date('04/11/2024', 'MM/DD/RRRR'), 28, 10, 'Y', 0);

INSERT INTO BOARD (BOARD_NO, TAB_NO, LICENSE_NO, MEMBER_NO, BOARD_TITLE, BOARD_CONTENT, BOARD_DATE, LIKE_COUNT, HATE_COUNT, STATUS, VIEW_COUNT) 
VALUES (94, 4, 2, 7, '안녕하세요~~~ 94', '반갑습니다~~ 94', to_date('04/12/2024', 'MM/DD/RRRR'), 22, 10, 'Y', 0);

INSERT INTO BOARD (BOARD_NO, TAB_NO, LICENSE_NO, MEMBER_NO, BOARD_TITLE, BOARD_CONTENT, BOARD_DATE, LIKE_COUNT, HATE_COUNT, STATUS, VIEW_COUNT) 
VALUES (95, 5, 3, 8, '안녕하세요~~~ 95', '반갑습니다~~ 95', to_date('04/13/2024', 'MM/DD/RRRR'), 5, 0, 'Y', 0);

INSERT INTO BOARD (BOARD_NO, TAB_NO, LICENSE_NO, MEMBER_NO, BOARD_TITLE, BOARD_CONTENT, BOARD_DATE, LIKE_COUNT, HATE_COUNT, STATUS, VIEW_COUNT) 
VALUES (96, 6, 4, 9, '안녕하세요~~~ 96', '반갑습니다~~ 96', to_date('04/14/2024', 'MM/DD/RRRR'), 22, 2, 'Y', 0);

INSERT INTO BOARD (BOARD_NO, TAB_NO, LICENSE_NO, MEMBER_NO, BOARD_TITLE, BOARD_CONTENT, BOARD_DATE, LIKE_COUNT, HATE_COUNT, STATUS, VIEW_COUNT) 
VALUES (97, 7, 1, 10, '안녕하세요~~~ 97', '반갑습니다~~ 97', to_date('04/15/2024', 'MM/DD/RRRR'), 25, 3, 'Y', 0);

INSERT INTO BOARD (BOARD_NO, TAB_NO, LICENSE_NO, MEMBER_NO, BOARD_TITLE, BOARD_CONTENT, BOARD_DATE, LIKE_COUNT, HATE_COUNT, STATUS, VIEW_COUNT) 
VALUES (98, 2, 2, 11, '안녕하세요~~~ 98', '반갑습니다~~ 98', to_date('04/16/2024', 'MM/DD/RRRR'), 19, 6, 'Y', 0);

INSERT INTO BOARD (BOARD_NO, TAB_NO, LICENSE_NO, MEMBER_NO, BOARD_TITLE, BOARD_CONTENT, BOARD_DATE, LIKE_COUNT, HATE_COUNT, STATUS, VIEW_COUNT) 
VALUES (99, 3, 3, 12, '안녕하세요~~~ 99', '반갑습니다~~ 99', to_date('04/17/2024', 'MM/DD/RRRR'), 22, 6, 'Y', 0);

INSERT INTO BOARD (BOARD_NO, TAB_NO, LICENSE_NO, MEMBER_NO, BOARD_TITLE, BOARD_CONTENT, BOARD_DATE, LIKE_COUNT, HATE_COUNT, STATUS, VIEW_COUNT) 
VALUES (100, 4, 4, 13, '안녕하세요~~~ 100', '반갑습니다~~ 100', to_date('04/18/2024', 'MM/DD/RRRR'), 28, 8, 'Y', 0);

INSERT INTO BOARD (BOARD_NO, TAB_NO, LICENSE_NO, MEMBER_NO, BOARD_TITLE, BOARD_CONTENT, BOARD_DATE, LIKE_COUNT, HATE_COUNT, STATUS, VIEW_COUNT) 
VALUES (101, 5, 1, 14, '안녕하세요~~~ 101', '반갑습니다~~ 101', to_date('04/19/2024', 'MM/DD/RRRR'), 0, 9, 'Y', 0);

INSERT INTO BOARD (BOARD_NO, TAB_NO, LICENSE_NO, MEMBER_NO, BOARD_TITLE, BOARD_CONTENT, BOARD_DATE, LIKE_COUNT, HATE_COUNT, STATUS, VIEW_COUNT) 
VALUES (102, 6, 2, 15, '안녕하세요~~~ 102', '반갑습니다~~ 102', to_date('04/20/2024', 'MM/DD/RRRR'), 6, 8, 'Y', 0);

INSERT INTO BOARD (BOARD_NO, TAB_NO, LICENSE_NO, MEMBER_NO, BOARD_TITLE, BOARD_CONTENT, BOARD_DATE, LIKE_COUNT, HATE_COUNT, STATUS, VIEW_COUNT) 
VALUES (103, 7, 3, 16, '안녕하세요~~~ 103', '반갑습니다~~ 103', to_date('04/21/2024', 'MM/DD/RRRR'), 12, 7, 'Y', 0);

INSERT INTO BOARD (BOARD_NO, TAB_NO, LICENSE_NO, MEMBER_NO, BOARD_TITLE, BOARD_CONTENT, BOARD_DATE, LIKE_COUNT, HATE_COUNT, STATUS, VIEW_COUNT) 
VALUES (104, 2, 4, 17, '안녕하세요~~~ 104', '반갑습니다~~ 104', to_date('04/22/2024', 'MM/DD/RRRR'), 16, 7, 'Y', 0);

INSERT INTO BOARD (BOARD_NO, TAB_NO, LICENSE_NO, MEMBER_NO, BOARD_TITLE, BOARD_CONTENT, BOARD_DATE, LIKE_COUNT, HATE_COUNT, STATUS, VIEW_COUNT) 
VALUES (105, 3, 1, 18, '안녕하세요~~~ 105', '반갑습니다~~ 105', to_date('04/23/2024', 'MM/DD/RRRR'), 2, 7, 'Y', 0);

INSERT INTO BOARD (BOARD_NO, TAB_NO, LICENSE_NO, MEMBER_NO, BOARD_TITLE, BOARD_CONTENT, BOARD_DATE, LIKE_COUNT, HATE_COUNT, STATUS, VIEW_COUNT) 
VALUES (106, 4, 2, 19, '안녕하세요~~~ 106', '반갑습니다~~ 106', to_date('04/24/2024', 'MM/DD/RRRR'), 17, 2, 'Y', 0);

INSERT INTO BOARD (BOARD_NO, TAB_NO, LICENSE_NO, MEMBER_NO, BOARD_TITLE, BOARD_CONTENT, BOARD_DATE, LIKE_COUNT, HATE_COUNT, STATUS, VIEW_COUNT) 
VALUES (107, 5, 3, 20, '안녕하세요~~~ 107', '반갑습니다~~ 107', to_date('04/25/2024', 'MM/DD/RRRR'), 20, 4, 'Y', 0);

INSERT INTO BOARD (BOARD_NO, TAB_NO, LICENSE_NO, MEMBER_NO, BOARD_TITLE, BOARD_CONTENT, BOARD_DATE, LIKE_COUNT, HATE_COUNT, STATUS, VIEW_COUNT) 
VALUES (108, 6, 4, 21, '안녕하세요~~~ 108', '반갑습니다~~ 108', to_date('04/26/2024', 'MM/DD/RRRR'), 2, 2, 'Y', 0);

INSERT INTO BOARD (BOARD_NO, TAB_NO, LICENSE_NO, MEMBER_NO, BOARD_TITLE, BOARD_CONTENT, BOARD_DATE, LIKE_COUNT, HATE_COUNT, STATUS, VIEW_COUNT) 
VALUES (109, 7, 1, 22, '안녕하세요~~~ 109', '반갑습니다~~ 109', to_date('04/27/2024', 'MM/DD/RRRR'), 11, 5, 'Y', 0);

INSERT INTO BOARD (BOARD_NO, TAB_NO, LICENSE_NO, MEMBER_NO, BOARD_TITLE, BOARD_CONTENT, BOARD_DATE, LIKE_COUNT, HATE_COUNT, STATUS, VIEW_COUNT) 
VALUES (110, 2, 2, 23, '안녕하세요~~~ 110', '반갑습니다~~ 110', to_date('04/28/2024', 'MM/DD/RRRR'), 2, 5, 'Y', 0);

INSERT INTO BOARD (BOARD_NO, TAB_NO, LICENSE_NO, MEMBER_NO, BOARD_TITLE, BOARD_CONTENT, BOARD_DATE, LIKE_COUNT, HATE_COUNT, STATUS, VIEW_COUNT) 
VALUES (111, 3, 3, 24, '안녕하세요~~~ 111', '반갑습니다~~ 111', to_date('04/29/2024', 'MM/DD/RRRR'), 9, 7, 'Y', 0);

INSERT INTO BOARD (BOARD_NO, TAB_NO, LICENSE_NO, MEMBER_NO, BOARD_TITLE, BOARD_CONTENT, BOARD_DATE, LIKE_COUNT, HATE_COUNT, STATUS, VIEW_COUNT) 
VALUES (112, 4, 4, 25, '안녕하세요~~~ 112', '반갑습니다~~ 112', to_date('04/30/2024', 'MM/DD/RRRR'), 30, 10, 'Y', 0);

INSERT INTO BOARD (BOARD_NO, TAB_NO, LICENSE_NO, MEMBER_NO, BOARD_TITLE, BOARD_CONTENT, BOARD_DATE, LIKE_COUNT, HATE_COUNT, STATUS, VIEW_COUNT) 
VALUES (113, 5, 1, 26, '안녕하세요~~~ 113', '반갑습니다~~ 113', to_date('05/01/2024', 'MM/DD/RRRR'), 30, 5, 'Y', 0);

INSERT INTO BOARD (BOARD_NO, TAB_NO, LICENSE_NO, MEMBER_NO, BOARD_TITLE, BOARD_CONTENT, BOARD_DATE, LIKE_COUNT, HATE_COUNT, STATUS, VIEW_COUNT) 
VALUES (114, 6, 2, 27, '안녕하세요~~~ 114', '반갑습니다~~ 114', to_date('05/02/2024', 'MM/DD/RRRR'), 11, 10, 'Y', 0);

INSERT INTO BOARD (BOARD_NO, TAB_NO, LICENSE_NO, MEMBER_NO, BOARD_TITLE, BOARD_CONTENT, BOARD_DATE, LIKE_COUNT, HATE_COUNT, STATUS, VIEW_COUNT) 
VALUES (115, 7, 3, 28, '안녕하세요~~~ 115', '반갑습니다~~ 115', to_date('05/03/2024', 'MM/DD/RRRR'), 20, 1, 'Y', 0);

INSERT INTO BOARD (BOARD_NO, TAB_NO, LICENSE_NO, MEMBER_NO, BOARD_TITLE, BOARD_CONTENT, BOARD_DATE, LIKE_COUNT, HATE_COUNT, STATUS, VIEW_COUNT) 
VALUES (116, 2, 4, 29, '안녕하세요~~~ 116', '반갑습니다~~ 116', to_date('05/04/2024', 'MM/DD/RRRR'), 0, 9, 'Y', 0);

INSERT INTO BOARD (BOARD_NO, TAB_NO, LICENSE_NO, MEMBER_NO, BOARD_TITLE, BOARD_CONTENT, BOARD_DATE, LIKE_COUNT, HATE_COUNT, STATUS, VIEW_COUNT) 
VALUES (117, 3, 1, 30, '안녕하세요~~~ 117', '반갑습니다~~ 117', to_date('05/05/2024', 'MM/DD/RRRR'), 1, 6, 'Y', 0);

INSERT INTO BOARD (BOARD_NO, TAB_NO, LICENSE_NO, MEMBER_NO, BOARD_TITLE, BOARD_CONTENT, BOARD_DATE, LIKE_COUNT, HATE_COUNT, STATUS, VIEW_COUNT) 
VALUES (118, 4, 2, 2, '안녕하세요~~~ 118', '반갑습니다~~ 118', to_date('05/06/2024', 'MM/DD/RRRR'), 15, 5, 'Y', 0);

INSERT INTO BOARD (BOARD_NO, TAB_NO, LICENSE_NO, MEMBER_NO, BOARD_TITLE, BOARD_CONTENT, BOARD_DATE, LIKE_COUNT, HATE_COUNT, STATUS, VIEW_COUNT) 
VALUES (119, 5, 3, 3, '안녕하세요~~~ 119', '반갑습니다~~ 119', to_date('05/07/2024', 'MM/DD/RRRR'), 15, 10, 'Y', 0);

INSERT INTO BOARD (BOARD_NO, TAB_NO, LICENSE_NO, MEMBER_NO, BOARD_TITLE, BOARD_CONTENT, BOARD_DATE, LIKE_COUNT, HATE_COUNT, STATUS, VIEW_COUNT) 
VALUES (120, 6, 4, 4, '안녕하세요~~~ 120', '반갑습니다~~ 120', to_date('05/08/2024', 'MM/DD/RRRR'), 0, 6, 'Y', 0);

INSERT INTO BOARD (BOARD_NO, TAB_NO, LICENSE_NO, MEMBER_NO, BOARD_TITLE, BOARD_CONTENT, BOARD_DATE, LIKE_COUNT, HATE_COUNT, STATUS, VIEW_COUNT) 
VALUES (121, 7, 1, 5, '안녕하세요~~~ 121', '반갑습니다~~ 121', to_date('05/09/2024', 'MM/DD/RRRR'), 0, 5, 'Y', 0);

INSERT INTO BOARD (BOARD_NO, TAB_NO, LICENSE_NO, MEMBER_NO, BOARD_TITLE, BOARD_CONTENT, BOARD_DATE, LIKE_COUNT, HATE_COUNT, STATUS, VIEW_COUNT) 
VALUES (122, 2, 2, 6, '안녕하세요~~~ 122', '반갑습니다~~ 122', to_date('05/10/2024', 'MM/DD/RRRR'), 21, 1, 'Y', 0);

INSERT INTO BOARD (BOARD_NO, TAB_NO, LICENSE_NO, MEMBER_NO, BOARD_TITLE, BOARD_CONTENT, BOARD_DATE, LIKE_COUNT, HATE_COUNT, STATUS, VIEW_COUNT) 
VALUES (123, 3, 3, 7, '안녕하세요~~~ 123', '반갑습니다~~ 123', to_date('05/11/2024', 'MM/DD/RRRR'), 23, 1, 'Y', 0);

INSERT INTO BOARD (BOARD_NO, TAB_NO, LICENSE_NO, MEMBER_NO, BOARD_TITLE, BOARD_CONTENT, BOARD_DATE, LIKE_COUNT, HATE_COUNT, STATUS, VIEW_COUNT) 
VALUES (124, 4, 4, 8, '안녕하세요~~~ 124', '반갑습니다~~ 124', to_date('05/12/2024', 'MM/DD/RRRR'), 9, 4, 'Y', 0);

INSERT INTO BOARD (BOARD_NO, TAB_NO, LICENSE_NO, MEMBER_NO, BOARD_TITLE, BOARD_CONTENT, BOARD_DATE, LIKE_COUNT, HATE_COUNT, STATUS, VIEW_COUNT) 
VALUES (125, 5, 1, 9, '안녕하세요~~~ 125', '반갑습니다~~ 125', to_date('05/13/2024', 'MM/DD/RRRR'), 6, 6, 'Y', 0);

INSERT INTO BOARD (BOARD_NO, TAB_NO, LICENSE_NO, MEMBER_NO, BOARD_TITLE, BOARD_CONTENT, BOARD_DATE, LIKE_COUNT, HATE_COUNT, STATUS, VIEW_COUNT) 
VALUES (126, 6, 2, 10, '안녕하세요~~~ 126', '반갑습니다~~ 126', to_date('05/14/2024', 'MM/DD/RRRR'), 20, 2, 'Y', 0);

INSERT INTO BOARD (BOARD_NO, TAB_NO, LICENSE_NO, MEMBER_NO, BOARD_TITLE, BOARD_CONTENT, BOARD_DATE, LIKE_COUNT, HATE_COUNT, STATUS, VIEW_COUNT) 
VALUES (127, 7, 3, 11, '안녕하세요~~~ 127', '반갑습니다~~ 127', to_date('05/15/2024', 'MM/DD/RRRR'), 1, 2, 'Y', 0);

INSERT INTO BOARD (BOARD_NO, TAB_NO, LICENSE_NO, MEMBER_NO, BOARD_TITLE, BOARD_CONTENT, BOARD_DATE, LIKE_COUNT, HATE_COUNT, STATUS, VIEW_COUNT) 
VALUES (128, 2, 4, 12, '안녕하세요~~~ 128', '반갑습니다~~ 128', to_date('05/16/2024', 'MM/DD/RRRR'), 15, 10, 'Y', 0);

INSERT INTO BOARD (BOARD_NO, TAB_NO, LICENSE_NO, MEMBER_NO, BOARD_TITLE, BOARD_CONTENT, BOARD_DATE, LIKE_COUNT, HATE_COUNT, STATUS, VIEW_COUNT) 
VALUES (129, 3, 1, 13, '안녕하세요~~~ 129', '반갑습니다~~ 129', to_date('05/17/2024', 'MM/DD/RRRR'), 9, 2, 'Y', 0);

INSERT INTO BOARD (BOARD_NO, TAB_NO, LICENSE_NO, MEMBER_NO, BOARD_TITLE, BOARD_CONTENT, BOARD_DATE, LIKE_COUNT, HATE_COUNT, STATUS, VIEW_COUNT) 
VALUES (130, 4, 2, 14, '안녕하세요~~~ 130', '반갑습니다~~ 130', to_date('05/18/2024', 'MM/DD/RRRR'), 12, 4, 'Y', 0);

INSERT INTO BOARD (BOARD_NO, TAB_NO, LICENSE_NO, MEMBER_NO, BOARD_TITLE, BOARD_CONTENT, BOARD_DATE, LIKE_COUNT, HATE_COUNT, STATUS, VIEW_COUNT) 
VALUES (131, 5, 3, 15, '안녕하세요~~~ 131', '반갑습니다~~ 131', to_date('05/19/2024', 'MM/DD/RRRR'), 26, 6, 'Y', 0);

INSERT INTO BOARD (BOARD_NO, TAB_NO, LICENSE_NO, MEMBER_NO, BOARD_TITLE, BOARD_CONTENT, BOARD_DATE, LIKE_COUNT, HATE_COUNT, STATUS, VIEW_COUNT) 
VALUES (132, 6, 4, 16, '안녕하세요~~~ 132', '반갑습니다~~ 132', to_date('05/20/2024', 'MM/DD/RRRR'), 19, 8, 'Y', 0);

INSERT INTO BOARD (BOARD_NO, TAB_NO, LICENSE_NO, MEMBER_NO, BOARD_TITLE, BOARD_CONTENT, BOARD_DATE, LIKE_COUNT, HATE_COUNT, STATUS, VIEW_COUNT) 
VALUES (133, 7, 1, 17, '안녕하세요~~~ 133', '반갑습니다~~ 133', to_date('05/21/2024', 'MM/DD/RRRR'), 29, 6, 'Y', 0);

INSERT INTO BOARD (BOARD_NO, TAB_NO, LICENSE_NO, MEMBER_NO, BOARD_TITLE, BOARD_CONTENT, BOARD_DATE, LIKE_COUNT, HATE_COUNT, STATUS, VIEW_COUNT) 
VALUES (134, 2, 2, 18, '안녕하세요~~~ 134', '반갑습니다~~ 134', to_date('05/22/2024', 'MM/DD/RRRR'), 25, 8, 'Y', 0);

INSERT INTO BOARD (BOARD_NO, TAB_NO, LICENSE_NO, MEMBER_NO, BOARD_TITLE, BOARD_CONTENT, BOARD_DATE, LIKE_COUNT, HATE_COUNT, STATUS, VIEW_COUNT) 
VALUES (135, 3, 3, 19, '안녕하세요~~~ 135', '반갑습니다~~ 135', to_date('05/23/2024', 'MM/DD/RRRR'), 0, 0, 'Y', 0);

INSERT INTO BOARD (BOARD_NO, TAB_NO, LICENSE_NO, MEMBER_NO, BOARD_TITLE, BOARD_CONTENT, BOARD_DATE, LIKE_COUNT, HATE_COUNT, STATUS, VIEW_COUNT) 
VALUES (136, 4, 4, 20, '안녕하세요~~~ 136', '반갑습니다~~ 136', to_date('05/24/2024', 'MM/DD/RRRR'), 22, 5, 'Y', 0);

INSERT INTO BOARD (BOARD_NO, TAB_NO, LICENSE_NO, MEMBER_NO, BOARD_TITLE, BOARD_CONTENT, BOARD_DATE, LIKE_COUNT, HATE_COUNT, STATUS, VIEW_COUNT) 
VALUES (137, 5, 1, 21, '안녕하세요~~~ 137', '반갑습니다~~ 137', to_date('05/25/2024', 'MM/DD/RRRR'), 10, 0, 'Y', 0);

INSERT INTO BOARD (BOARD_NO, TAB_NO, LICENSE_NO, MEMBER_NO, BOARD_TITLE, BOARD_CONTENT, BOARD_DATE, LIKE_COUNT, HATE_COUNT, STATUS, VIEW_COUNT) 
VALUES (138, 6, 2, 22, '안녕하세요~~~ 138', '반갑습니다~~ 138', to_date('05/26/2024', 'MM/DD/RRRR'), 28, 7, 'Y', 0);

INSERT INTO BOARD (BOARD_NO, TAB_NO, LICENSE_NO, MEMBER_NO, BOARD_TITLE, BOARD_CONTENT, BOARD_DATE, LIKE_COUNT, HATE_COUNT, STATUS, VIEW_COUNT) 
VALUES (139, 7, 3, 23, '안녕하세요~~~ 139', '반갑습니다~~ 139', to_date('05/27/2024', 'MM/DD/RRRR'), 22, 4, 'Y', 0);

INSERT INTO BOARD (BOARD_NO, TAB_NO, LICENSE_NO, MEMBER_NO, BOARD_TITLE, BOARD_CONTENT, BOARD_DATE, LIKE_COUNT, HATE_COUNT, STATUS, VIEW_COUNT) 
VALUES (140, 2, 4, 24, '안녕하세요~~~ 140', '반갑습니다~~ 140', to_date('05/28/2024', 'MM/DD/RRRR'), 22, 7, 'Y', 0);

INSERT INTO BOARD (BOARD_NO, TAB_NO, LICENSE_NO, MEMBER_NO, BOARD_TITLE, BOARD_CONTENT, BOARD_DATE, LIKE_COUNT, HATE_COUNT, STATUS, VIEW_COUNT) 
VALUES (141, 3, 1, 25, '안녕하세요~~~ 141', '반갑습니다~~ 141', to_date('05/29/2024', 'MM/DD/RRRR'), 26, 1, 'Y', 0);

INSERT INTO BOARD (BOARD_NO, TAB_NO, LICENSE_NO, MEMBER_NO, BOARD_TITLE, BOARD_CONTENT, BOARD_DATE, LIKE_COUNT, HATE_COUNT, STATUS, VIEW_COUNT) 
VALUES (142, 4, 2, 26, '안녕하세요~~~ 142', '반갑습니다~~ 142', to_date('05/30/2024', 'MM/DD/RRRR'), 30, 5, 'Y', 0);

INSERT INTO BOARD (BOARD_NO, TAB_NO, LICENSE_NO, MEMBER_NO, BOARD_TITLE, BOARD_CONTENT, BOARD_DATE, LIKE_COUNT, HATE_COUNT, STATUS, VIEW_COUNT) 
VALUES (143, 5, 3, 27, '안녕하세요~~~ 143', '반갑습니다~~ 143', to_date('05/31/2024', 'MM/DD/RRRR'), 10, 9, 'Y', 0);

INSERT INTO BOARD (BOARD_NO, TAB_NO, LICENSE_NO, MEMBER_NO, BOARD_TITLE, BOARD_CONTENT, BOARD_DATE, LIKE_COUNT, HATE_COUNT, STATUS, VIEW_COUNT) 
VALUES (144, 6, 4, 28, '안녕하세요~~~ 144', '반갑습니다~~ 144', to_date('06/01/2024', 'MM/DD/RRRR'), 20, 2, 'Y', 0);

INSERT INTO BOARD (BOARD_NO, TAB_NO, LICENSE_NO, MEMBER_NO, BOARD_TITLE, BOARD_CONTENT, BOARD_DATE, LIKE_COUNT, HATE_COUNT, STATUS, VIEW_COUNT) 
VALUES (145, 7, 1, 29, '안녕하세요~~~ 145', '반갑습니다~~ 145', to_date('06/02/2024', 'MM/DD/RRRR'), 21, 2, 'Y', 0);

INSERT INTO BOARD (BOARD_NO, TAB_NO, LICENSE_NO, MEMBER_NO, BOARD_TITLE, BOARD_CONTENT, BOARD_DATE, LIKE_COUNT, HATE_COUNT, STATUS, VIEW_COUNT) 
VALUES (146, 2, 2, 30, '안녕하세요~~~ 146', '반갑습니다~~ 146', to_date('06/03/2024', 'MM/DD/RRRR'), 21, 9, 'Y', 0);

INSERT INTO BOARD (BOARD_NO, TAB_NO, LICENSE_NO, MEMBER_NO, BOARD_TITLE, BOARD_CONTENT, BOARD_DATE, LIKE_COUNT, HATE_COUNT, STATUS, VIEW_COUNT) 
VALUES (147, 3, 3, 2, '안녕하세요~~~ 147', '반갑습니다~~ 147', to_date('06/04/2024', 'MM/DD/RRRR'), 26, 6, 'Y', 0);

INSERT INTO BOARD (BOARD_NO, TAB_NO, LICENSE_NO, MEMBER_NO, BOARD_TITLE, BOARD_CONTENT, BOARD_DATE, LIKE_COUNT, HATE_COUNT, STATUS, VIEW_COUNT) 
VALUES (148, 4, 4, 3, '안녕하세요~~~ 148', '반갑습니다~~ 148', to_date('06/05/2024', 'MM/DD/RRRR'), 2, 2, 'Y', 0);

INSERT INTO BOARD (BOARD_NO, TAB_NO, LICENSE_NO, MEMBER_NO, BOARD_TITLE, BOARD_CONTENT, BOARD_DATE, LIKE_COUNT, HATE_COUNT, STATUS, VIEW_COUNT) 
VALUES (149, 5, 1, 4, '안녕하세요~~~ 149', '반갑습니다~~ 149', to_date('06/06/2024', 'MM/DD/RRRR'), 30, 9, 'Y', 0);

INSERT INTO BOARD (BOARD_NO, TAB_NO, LICENSE_NO, MEMBER_NO, BOARD_TITLE, BOARD_CONTENT, BOARD_DATE, LIKE_COUNT, HATE_COUNT, STATUS, VIEW_COUNT) 
VALUES (150, 6, 2, 5, '안녕하세요~~~ 150', '반갑습니다~~ 150', to_date('06/07/2024', 'MM/DD/RRRR'), 18, 10, 'Y', 0);

INSERT INTO BOARD (BOARD_NO, TAB_NO, LICENSE_NO, MEMBER_NO, BOARD_TITLE, BOARD_CONTENT, BOARD_DATE, LIKE_COUNT, HATE_COUNT, STATUS, VIEW_COUNT) 
VALUES (151, 7, 3, 6, '안녕하세요~~~ 151', '반갑습니다~~ 151', to_date('06/08/2024', 'MM/DD/RRRR'), 18, 5, 'Y', 0);

INSERT INTO BOARD (BOARD_NO, TAB_NO, LICENSE_NO, MEMBER_NO, BOARD_TITLE, BOARD_CONTENT, BOARD_DATE, LIKE_COUNT, HATE_COUNT, STATUS, VIEW_COUNT) 
VALUES (152, 2, 4, 7, '안녕하세요~~~ 152', '반갑습니다~~ 152', to_date('06/09/2024', 'MM/DD/RRRR'), 0, 8, 'Y', 0);

INSERT INTO BOARD (BOARD_NO, TAB_NO, LICENSE_NO, MEMBER_NO, BOARD_TITLE, BOARD_CONTENT, BOARD_DATE, LIKE_COUNT, HATE_COUNT, STATUS, VIEW_COUNT) 
VALUES (153, 3, 1, 8, '안녕하세요~~~ 153', '반갑습니다~~ 153', to_date('06/10/2024', 'MM/DD/RRRR'), 4, 9, 'Y', 0);

INSERT INTO BOARD (BOARD_NO, TAB_NO, LICENSE_NO, MEMBER_NO, BOARD_TITLE, BOARD_CONTENT, BOARD_DATE, LIKE_COUNT, HATE_COUNT, STATUS, VIEW_COUNT) 
VALUES (154, 4, 2, 9, '안녕하세요~~~ 154', '반갑습니다~~ 154', to_date('06/11/2024', 'MM/DD/RRRR'), 19, 8, 'Y', 0);

INSERT INTO BOARD (BOARD_NO, TAB_NO, LICENSE_NO, MEMBER_NO, BOARD_TITLE, BOARD_CONTENT, BOARD_DATE, LIKE_COUNT, HATE_COUNT, STATUS, VIEW_COUNT) 
VALUES (155, 5, 3, 10, '안녕하세요~~~ 155', '반갑습니다~~ 155', to_date('06/12/2024', 'MM/DD/RRRR'), 19, 8, 'Y', 0);

INSERT INTO BOARD (BOARD_NO, TAB_NO, LICENSE_NO, MEMBER_NO, BOARD_TITLE, BOARD_CONTENT, BOARD_DATE, LIKE_COUNT, HATE_COUNT, STATUS, VIEW_COUNT) 
VALUES (156, 6, 4, 11, '안녕하세요~~~ 156', '반갑습니다~~ 156', to_date('06/13/2024', 'MM/DD/RRRR'), 15, 10, 'Y', 0);

INSERT INTO BOARD (BOARD_NO, TAB_NO, LICENSE_NO, MEMBER_NO, BOARD_TITLE, BOARD_CONTENT, BOARD_DATE, LIKE_COUNT, HATE_COUNT, STATUS, VIEW_COUNT) 
VALUES (157, 7, 1, 12, '안녕하세요~~~ 157', '반갑습니다~~ 157', to_date('06/14/2024', 'MM/DD/RRRR'), 15, 1, 'Y', 0);

INSERT INTO BOARD (BOARD_NO, TAB_NO, LICENSE_NO, MEMBER_NO, BOARD_TITLE, BOARD_CONTENT, BOARD_DATE, LIKE_COUNT, HATE_COUNT, STATUS, VIEW_COUNT) 
VALUES (158, 2, 2, 13, '안녕하세요~~~ 158', '반갑습니다~~ 158', to_date('06/15/2024', 'MM/DD/RRRR'), 27, 7, 'Y', 0);

INSERT INTO BOARD (BOARD_NO, TAB_NO, LICENSE_NO, MEMBER_NO, BOARD_TITLE, BOARD_CONTENT, BOARD_DATE, LIKE_COUNT, HATE_COUNT, STATUS, VIEW_COUNT) 
VALUES (159, 3, 3, 14, '안녕하세요~~~ 159', '반갑습니다~~ 159', to_date('06/16/2024', 'MM/DD/RRRR'), 12, 8, 'Y', 0);

INSERT INTO BOARD (BOARD_NO, TAB_NO, LICENSE_NO, MEMBER_NO, BOARD_TITLE, BOARD_CONTENT, BOARD_DATE, LIKE_COUNT, HATE_COUNT, STATUS, VIEW_COUNT) 
VALUES (160, 4, 4, 15, '안녕하세요~~~ 160', '반갑습니다~~ 160', to_date('06/17/2024', 'MM/DD/RRRR'), 8, 4, 'Y', 0);

INSERT INTO BOARD (BOARD_NO, TAB_NO, LICENSE_NO, MEMBER_NO, BOARD_TITLE, BOARD_CONTENT, BOARD_DATE, LIKE_COUNT, HATE_COUNT, STATUS, VIEW_COUNT) 
VALUES (161, 5, 1, 16, '안녕하세요~~~ 161', '반갑습니다~~ 161', to_date('06/18/2024', 'MM/DD/RRRR'), 7, 6, 'Y', 0);

INSERT INTO BOARD (BOARD_NO, TAB_NO, LICENSE_NO, MEMBER_NO, BOARD_TITLE, BOARD_CONTENT, BOARD_DATE, LIKE_COUNT, HATE_COUNT, STATUS, VIEW_COUNT) 
VALUES (162, 6, 2, 17, '안녕하세요~~~ 162', '반갑습니다~~ 162', to_date('06/19/2024', 'MM/DD/RRRR'), 16, 8, 'Y', 0);

INSERT INTO BOARD (BOARD_NO, TAB_NO, LICENSE_NO, MEMBER_NO, BOARD_TITLE, BOARD_CONTENT, BOARD_DATE, LIKE_COUNT, HATE_COUNT, STATUS, VIEW_COUNT) 
VALUES (163, 7, 3, 18, '안녕하세요~~~ 163', '반갑습니다~~ 163', to_date('06/20/2024', 'MM/DD/RRRR'), 7, 0, 'Y', 0);

INSERT INTO BOARD (BOARD_NO, TAB_NO, LICENSE_NO, MEMBER_NO, BOARD_TITLE, BOARD_CONTENT, BOARD_DATE, LIKE_COUNT, HATE_COUNT, STATUS, VIEW_COUNT) 
VALUES (164, 2, 4, 19, '안녕하세요~~~ 164', '반갑습니다~~ 164', to_date('06/21/2024', 'MM/DD/RRRR'), 27, 8, 'Y', 0);

INSERT INTO BOARD (BOARD_NO, TAB_NO, LICENSE_NO, MEMBER_NO, BOARD_TITLE, BOARD_CONTENT, BOARD_DATE, LIKE_COUNT, HATE_COUNT, STATUS, VIEW_COUNT) 
VALUES (165, 3, 1, 20, '안녕하세요~~~ 165', '반갑습니다~~ 165', to_date('06/22/2024', 'MM/DD/RRRR'), 7, 3, 'Y', 0);

INSERT INTO BOARD (BOARD_NO, TAB_NO, LICENSE_NO, MEMBER_NO, BOARD_TITLE, BOARD_CONTENT, BOARD_DATE, LIKE_COUNT, HATE_COUNT, STATUS, VIEW_COUNT) 
VALUES (166, 4, 2, 21, '안녕하세요~~~ 166', '반갑습니다~~ 166', to_date('06/23/2024', 'MM/DD/RRRR'), 19, 6, 'Y', 0);

INSERT INTO BOARD (BOARD_NO, TAB_NO, LICENSE_NO, MEMBER_NO, BOARD_TITLE, BOARD_CONTENT, BOARD_DATE, LIKE_COUNT, HATE_COUNT, STATUS, VIEW_COUNT) 
VALUES (167, 5, 3, 22, '안녕하세요~~~ 167', '반갑습니다~~ 167', to_date('06/24/2024', 'MM/DD/RRRR'), 13, 5, 'Y', 0);

INSERT INTO BOARD (BOARD_NO, TAB_NO, LICENSE_NO, MEMBER_NO, BOARD_TITLE, BOARD_CONTENT, BOARD_DATE, LIKE_COUNT, HATE_COUNT, STATUS, VIEW_COUNT) 
VALUES (168, 6, 4, 23, '안녕하세요~~~ 168', '반갑습니다~~ 168', to_date('06/25/2024', 'MM/DD/RRRR'), 11, 1, 'Y', 0);

INSERT INTO BOARD (BOARD_NO, TAB_NO, LICENSE_NO, MEMBER_NO, BOARD_TITLE, BOARD_CONTENT, BOARD_DATE, LIKE_COUNT, HATE_COUNT, STATUS, VIEW_COUNT) 
VALUES (169, 7, 1, 24, '안녕하세요~~~ 169', '반갑습니다~~ 169', to_date('06/26/2024', 'MM/DD/RRRR'), 28, 4, 'Y', 0);

INSERT INTO BOARD (BOARD_NO, TAB_NO, LICENSE_NO, MEMBER_NO, BOARD_TITLE, BOARD_CONTENT, BOARD_DATE, LIKE_COUNT, HATE_COUNT, STATUS, VIEW_COUNT) 
VALUES (170, 2, 2, 25, '안녕하세요~~~ 170', '반갑습니다~~ 170', to_date('06/27/2024', 'MM/DD/RRRR'), 9, 10, 'Y', 0);

INSERT INTO BOARD (BOARD_NO, TAB_NO, LICENSE_NO, MEMBER_NO, BOARD_TITLE, BOARD_CONTENT, BOARD_DATE, LIKE_COUNT, HATE_COUNT, STATUS, VIEW_COUNT) 
VALUES (171, 3, 3, 26, '안녕하세요~~~ 171', '반갑습니다~~ 171', to_date('06/28/2024', 'MM/DD/RRRR'), 10, 4, 'Y', 0);

INSERT INTO BOARD (BOARD_NO, TAB_NO, LICENSE_NO, MEMBER_NO, BOARD_TITLE, BOARD_CONTENT, BOARD_DATE, LIKE_COUNT, HATE_COUNT, STATUS, VIEW_COUNT) 
VALUES (172, 4, 4, 27, '안녕하세요~~~ 172', '반갑습니다~~ 172', to_date('06/29/2024', 'MM/DD/RRRR'), 4, 2, 'Y', 0);

INSERT INTO BOARD (BOARD_NO, TAB_NO, LICENSE_NO, MEMBER_NO, BOARD_TITLE, BOARD_CONTENT, BOARD_DATE, LIKE_COUNT, HATE_COUNT, STATUS, VIEW_COUNT) 
VALUES (173, 5, 1, 28, '안녕하세요~~~ 173', '반갑습니다~~ 173', to_date('06/30/2024', 'MM/DD/RRRR'), 21, 7, 'Y', 0);

INSERT INTO BOARD (BOARD_NO, TAB_NO, LICENSE_NO, MEMBER_NO, BOARD_TITLE, BOARD_CONTENT, BOARD_DATE, LIKE_COUNT, HATE_COUNT, STATUS, VIEW_COUNT) 
VALUES (174, 6, 2, 29, '안녕하세요~~~ 174', '반갑습니다~~ 174', to_date('07/01/2024', 'MM/DD/RRRR'), 5, 10, 'Y', 0);

INSERT INTO BOARD (BOARD_NO, TAB_NO, LICENSE_NO, MEMBER_NO, BOARD_TITLE, BOARD_CONTENT, BOARD_DATE, LIKE_COUNT, HATE_COUNT, STATUS, VIEW_COUNT) 
VALUES (175, 7, 3, 30, '안녕하세요~~~ 175', '반갑습니다~~ 175', to_date('07/02/2024', 'MM/DD/RRRR'), 3, 8, 'Y', 0);

INSERT INTO BOARD (BOARD_NO, TAB_NO, LICENSE_NO, MEMBER_NO, BOARD_TITLE, BOARD_CONTENT, BOARD_DATE, LIKE_COUNT, HATE_COUNT, STATUS, VIEW_COUNT) 
VALUES (176, 2, 4, 2, '안녕하세요~~~ 176', '반갑습니다~~ 176', to_date('07/03/2024', 'MM/DD/RRRR'), 25, 3, 'Y', 0);

INSERT INTO BOARD (BOARD_NO, TAB_NO, LICENSE_NO, MEMBER_NO, BOARD_TITLE, BOARD_CONTENT, BOARD_DATE, LIKE_COUNT, HATE_COUNT, STATUS, VIEW_COUNT) 
VALUES (177, 3, 1, 3, '안녕하세요~~~ 177', '반갑습니다~~ 177', to_date('07/04/2024', 'MM/DD/RRRR'), 15, 9, 'Y', 0);

INSERT INTO BOARD (BOARD_NO, TAB_NO, LICENSE_NO, MEMBER_NO, BOARD_TITLE, BOARD_CONTENT, BOARD_DATE, LIKE_COUNT, HATE_COUNT, STATUS, VIEW_COUNT) 
VALUES (178, 4, 2, 4, '안녕하세요~~~ 178', '반갑습니다~~ 178', to_date('07/05/2024', 'MM/DD/RRRR'), 19, 1, 'Y', 0);

INSERT INTO BOARD (BOARD_NO, TAB_NO, LICENSE_NO, MEMBER_NO, BOARD_TITLE, BOARD_CONTENT, BOARD_DATE, LIKE_COUNT, HATE_COUNT, STATUS, VIEW_COUNT) 
VALUES (179, 5, 3, 5, '안녕하세요~~~ 179', '반갑습니다~~ 179', to_date('07/06/2024', 'MM/DD/RRRR'), 29, 2, 'Y', 0);

INSERT INTO BOARD (BOARD_NO, TAB_NO, LICENSE_NO, MEMBER_NO, BOARD_TITLE, BOARD_CONTENT, BOARD_DATE, LIKE_COUNT, HATE_COUNT, STATUS, VIEW_COUNT) 
VALUES (180, 6, 4, 6, '안녕하세요~~~ 180', '반갑습니다~~ 180', to_date('07/07/2024', 'MM/DD/RRRR'), 29, 4, 'Y', 0);

INSERT INTO BOARD (BOARD_NO, TAB_NO, LICENSE_NO, MEMBER_NO, BOARD_TITLE, BOARD_CONTENT, BOARD_DATE, LIKE_COUNT, HATE_COUNT, STATUS, VIEW_COUNT) 
VALUES (181, 7, 1, 7, '안녕하세요~~~ 181', '반갑습니다~~ 181', to_date('07/08/2024', 'MM/DD/RRRR'), 16, 0, 'Y', 0);

INSERT INTO BOARD (BOARD_NO, TAB_NO, LICENSE_NO, MEMBER_NO, BOARD_TITLE, BOARD_CONTENT, BOARD_DATE, LIKE_COUNT, HATE_COUNT, STATUS, VIEW_COUNT) 
VALUES (182, 2, 2, 8, '안녕하세요~~~ 182', '반갑습니다~~ 182', to_date('07/09/2024', 'MM/DD/RRRR'), 14, 9, 'Y', 0);

INSERT INTO BOARD (BOARD_NO, TAB_NO, LICENSE_NO, MEMBER_NO, BOARD_TITLE, BOARD_CONTENT, BOARD_DATE, LIKE_COUNT, HATE_COUNT, STATUS, VIEW_COUNT) 
VALUES (183, 3, 3, 9, '안녕하세요~~~ 183', '반갑습니다~~ 183', to_date('07/10/2024', 'MM/DD/RRRR'), 12, 6, 'Y', 0);

INSERT INTO BOARD (BOARD_NO, TAB_NO, LICENSE_NO, MEMBER_NO, BOARD_TITLE, BOARD_CONTENT, BOARD_DATE, LIKE_COUNT, HATE_COUNT, STATUS, VIEW_COUNT) 
VALUES (184, 4, 4, 10, '안녕하세요~~~ 184', '반갑습니다~~ 184', to_date('07/11/2024', 'MM/DD/RRRR'), 10, 3, 'Y', 0);

INSERT INTO BOARD (BOARD_NO, TAB_NO, LICENSE_NO, MEMBER_NO, BOARD_TITLE, BOARD_CONTENT, BOARD_DATE, LIKE_COUNT, HATE_COUNT, STATUS, VIEW_COUNT) 
VALUES (185, 5, 1, 11, '안녕하세요~~~ 185', '반갑습니다~~ 185', to_date('07/12/2024', 'MM/DD/RRRR'), 22, 0, 'Y', 0);

INSERT INTO BOARD (BOARD_NO, TAB_NO, LICENSE_NO, MEMBER_NO, BOARD_TITLE, BOARD_CONTENT, BOARD_DATE, LIKE_COUNT, HATE_COUNT, STATUS, VIEW_COUNT) 
VALUES (186, 6, 2, 12, '안녕하세요~~~ 186', '반갑습니다~~ 186', to_date('07/13/2024', 'MM/DD/RRRR'), 25, 1, 'Y', 0);

INSERT INTO BOARD (BOARD_NO, TAB_NO, LICENSE_NO, MEMBER_NO, BOARD_TITLE, BOARD_CONTENT, BOARD_DATE, LIKE_COUNT, HATE_COUNT, STATUS, VIEW_COUNT) 
VALUES (187, 7, 3, 13, '안녕하세요~~~ 187', '반갑습니다~~ 187', to_date('07/14/2024', 'MM/DD/RRRR'), 2, 1, 'Y', 0);

INSERT INTO BOARD (BOARD_NO, TAB_NO, LICENSE_NO, MEMBER_NO, BOARD_TITLE, BOARD_CONTENT, BOARD_DATE, LIKE_COUNT, HATE_COUNT, STATUS, VIEW_COUNT) 
VALUES (188, 2, 4, 14, '안녕하세요~~~ 188', '반갑습니다~~ 188', to_date('07/15/2024', 'MM/DD/RRRR'), 18, 0, 'Y', 0);

INSERT INTO BOARD (BOARD_NO, TAB_NO, LICENSE_NO, MEMBER_NO, BOARD_TITLE, BOARD_CONTENT, BOARD_DATE, LIKE_COUNT, HATE_COUNT, STATUS, VIEW_COUNT) 
VALUES (189, 3, 1, 15, '안녕하세요~~~ 189', '반갑습니다~~ 189', to_date('07/16/2024', 'MM/DD/RRRR'), 15, 5, 'Y', 0);

INSERT INTO BOARD (BOARD_NO, TAB_NO, LICENSE_NO, MEMBER_NO, BOARD_TITLE, BOARD_CONTENT, BOARD_DATE, LIKE_COUNT, HATE_COUNT, STATUS, VIEW_COUNT) 
VALUES (190, 4, 2, 16, '안녕하세요~~~ 190', '반갑습니다~~ 190', to_date('07/17/2024', 'MM/DD/RRRR'), 11, 2, 'Y', 0);

INSERT INTO BOARD (BOARD_NO, TAB_NO, LICENSE_NO, MEMBER_NO, BOARD_TITLE, BOARD_CONTENT, BOARD_DATE, LIKE_COUNT, HATE_COUNT, STATUS, VIEW_COUNT) 
VALUES (191, 5, 3, 17, '안녕하세요~~~ 191', '반갑습니다~~ 191', to_date('07/18/2024', 'MM/DD/RRRR'), 15, 4, 'Y', 0);

INSERT INTO BOARD (BOARD_NO, TAB_NO, LICENSE_NO, MEMBER_NO, BOARD_TITLE, BOARD_CONTENT, BOARD_DATE, LIKE_COUNT, HATE_COUNT, STATUS, VIEW_COUNT) 
VALUES (192, 6, 4, 18, '안녕하세요~~~ 192', '반갑습니다~~ 192', to_date('07/19/2024', 'MM/DD/RRRR'), 4, 2, 'Y', 0);

INSERT INTO BOARD (BOARD_NO, TAB_NO, LICENSE_NO, MEMBER_NO, BOARD_TITLE, BOARD_CONTENT, BOARD_DATE, LIKE_COUNT, HATE_COUNT, STATUS, VIEW_COUNT) 
VALUES (193, 7, 1, 19, '안녕하세요~~~ 193', '반갑습니다~~ 193', to_date('07/20/2024', 'MM/DD/RRRR'), 10, 8, 'Y', 0);

INSERT INTO BOARD (BOARD_NO, TAB_NO, LICENSE_NO, MEMBER_NO, BOARD_TITLE, BOARD_CONTENT, BOARD_DATE, LIKE_COUNT, HATE_COUNT, STATUS, VIEW_COUNT) 
VALUES (194, 2, 2, 20, '안녕하세요~~~ 194', '반갑습니다~~ 194', to_date('07/21/2024', 'MM/DD/RRRR'), 0, 7, 'Y', 0);

INSERT INTO BOARD (BOARD_NO, TAB_NO, LICENSE_NO, MEMBER_NO, BOARD_TITLE, BOARD_CONTENT, BOARD_DATE, LIKE_COUNT, HATE_COUNT, STATUS, VIEW_COUNT) 
VALUES (195, 3, 3, 21, '안녕하세요~~~ 195', '반갑습니다~~ 195', to_date('07/22/2024', 'MM/DD/RRRR'), 22, 6, 'Y', 0);

INSERT INTO BOARD (BOARD_NO, TAB_NO, LICENSE_NO, MEMBER_NO, BOARD_TITLE, BOARD_CONTENT, BOARD_DATE, LIKE_COUNT, HATE_COUNT, STATUS, VIEW_COUNT) 
VALUES (196, 4, 4, 22, '안녕하세요~~~ 196', '반갑습니다~~ 196', to_date('07/23/2024', 'MM/DD/RRRR'), 11, 7, 'Y', 0);

INSERT INTO BOARD (BOARD_NO, TAB_NO, LICENSE_NO, MEMBER_NO, BOARD_TITLE, BOARD_CONTENT, BOARD_DATE, LIKE_COUNT, HATE_COUNT, STATUS, VIEW_COUNT) 
VALUES (197, 5, 1, 23, '안녕하세요~~~ 197', '반갑습니다~~ 197', to_date('07/24/2024', 'MM/DD/RRRR'), 1, 5, 'Y', 0);

INSERT INTO BOARD (BOARD_NO, TAB_NO, LICENSE_NO, MEMBER_NO, BOARD_TITLE, BOARD_CONTENT, BOARD_DATE, LIKE_COUNT, HATE_COUNT, STATUS, VIEW_COUNT) 
VALUES (198, 6, 2, 24, '안녕하세요~~~ 198', '반갑습니다~~ 198', to_date('07/25/2024', 'MM/DD/RRRR'), 11, 9, 'Y', 0);

INSERT INTO BOARD (BOARD_NO, TAB_NO, LICENSE_NO, MEMBER_NO, BOARD_TITLE, BOARD_CONTENT, BOARD_DATE, LIKE_COUNT, HATE_COUNT, STATUS, VIEW_COUNT) 
VALUES (199, 7, 3, 25, '안녕하세요~~~ 199', '반갑습니다~~ 199', to_date('07/26/2024', 'MM/DD/RRRR'), 2, 9, 'Y', 0);

INSERT INTO BOARD (BOARD_NO, TAB_NO, LICENSE_NO, MEMBER_NO, BOARD_TITLE, BOARD_CONTENT, BOARD_DATE, LIKE_COUNT, HATE_COUNT, STATUS, VIEW_COUNT) 
VALUES (200, 2, 4, 26, '안녕하세요~~~ 200', '반갑습니다~~ 200', to_date('07/27/2024', 'MM/DD/RRRR'), 25, 7, 'Y', 0);

INSERT INTO BOARD (BOARD_NO, TAB_NO, LICENSE_NO, MEMBER_NO, BOARD_TITLE, BOARD_CONTENT, BOARD_DATE, LIKE_COUNT, HATE_COUNT, STATUS, VIEW_COUNT) 
VALUES (201, 3, 1, 27, '안녕하세요~~~ 201', '반갑습니다~~ 201', to_date('07/28/2024', 'MM/DD/RRRR'), 7, 2, 'Y', 0);

INSERT INTO BOARD (BOARD_NO, TAB_NO, LICENSE_NO, MEMBER_NO, BOARD_TITLE, BOARD_CONTENT, BOARD_DATE, LIKE_COUNT, HATE_COUNT, STATUS, VIEW_COUNT) 
VALUES (202, 4, 2, 28, '안녕하세요~~~ 202', '반갑습니다~~ 202', to_date('07/29/2024', 'MM/DD/RRRR'), 0, 6, 'Y', 0);

INSERT INTO BOARD (BOARD_NO, TAB_NO, LICENSE_NO, MEMBER_NO, BOARD_TITLE, BOARD_CONTENT, BOARD_DATE, LIKE_COUNT, HATE_COUNT, STATUS, VIEW_COUNT) 
VALUES (203, 5, 3, 29, '안녕하세요~~~ 203', '반갑습니다~~ 203', to_date('07/30/2024', 'MM/DD/RRRR'), 10, 2, 'Y', 0);

INSERT INTO BOARD (BOARD_NO, TAB_NO, LICENSE_NO, MEMBER_NO, BOARD_TITLE, BOARD_CONTENT, BOARD_DATE, LIKE_COUNT, HATE_COUNT, STATUS, VIEW_COUNT) 
VALUES (204, 6, 4, 30, '안녕하세요~~~ 204', '반갑습니다~~ 204', to_date('07/31/2024', 'MM/DD/RRRR'), 12, 9, 'Y', 0);

INSERT INTO BOARD (BOARD_NO, TAB_NO, LICENSE_NO, MEMBER_NO, BOARD_TITLE, BOARD_CONTENT, BOARD_DATE, LIKE_COUNT, HATE_COUNT, STATUS, VIEW_COUNT) 
VALUES (205, 7, 1, 2, '안녕하세요~~~ 205', '반갑습니다~~ 205', to_date('08/01/2024', 'MM/DD/RRRR'), 22, 1, 'Y', 0);

INSERT INTO BOARD (BOARD_NO, TAB_NO, LICENSE_NO, MEMBER_NO, BOARD_TITLE, BOARD_CONTENT, BOARD_DATE, LIKE_COUNT, HATE_COUNT, STATUS, VIEW_COUNT) 
VALUES (206, 2, 2, 3, '안녕하세요~~~ 206', '반갑습니다~~ 206', to_date('08/02/2024', 'MM/DD/RRRR'), 4, 9, 'Y', 0);

INSERT INTO BOARD (BOARD_NO, TAB_NO, LICENSE_NO, MEMBER_NO, BOARD_TITLE, BOARD_CONTENT, BOARD_DATE, LIKE_COUNT, HATE_COUNT, STATUS, VIEW_COUNT) 
VALUES (207, 3, 3, 4, '안녕하세요~~~ 207', '반갑습니다~~ 207', to_date('08/03/2024', 'MM/DD/RRRR'), 16, 0, 'Y', 0);

INSERT INTO BOARD (BOARD_NO, TAB_NO, LICENSE_NO, MEMBER_NO, BOARD_TITLE, BOARD_CONTENT, BOARD_DATE, LIKE_COUNT, HATE_COUNT, STATUS, VIEW_COUNT) 
VALUES (208, 4, 4, 5, '안녕하세요~~~ 208', '반갑습니다~~ 208', to_date('08/04/2024', 'MM/DD/RRRR'), 8, 1, 'Y', 0);

INSERT INTO BOARD (BOARD_NO, TAB_NO, LICENSE_NO, MEMBER_NO, BOARD_TITLE, BOARD_CONTENT, BOARD_DATE, LIKE_COUNT, HATE_COUNT, STATUS, VIEW_COUNT) 
VALUES (209, 5, 1, 6, '안녕하세요~~~ 209', '반갑습니다~~ 209', to_date('08/05/2024', 'MM/DD/RRRR'), 12, 9, 'Y', 0);

INSERT INTO BOARD (BOARD_NO, TAB_NO, LICENSE_NO, MEMBER_NO, BOARD_TITLE, BOARD_CONTENT, BOARD_DATE, LIKE_COUNT, HATE_COUNT, STATUS, VIEW_COUNT) 
VALUES (210, 6, 2, 7, '안녕하세요~~~ 210', '반갑습니다~~ 210', to_date('08/06/2024', 'MM/DD/RRRR'), 25, 5, 'Y', 0);

INSERT INTO BOARD (BOARD_NO, TAB_NO, LICENSE_NO, MEMBER_NO, BOARD_TITLE, BOARD_CONTENT, BOARD_DATE, LIKE_COUNT, HATE_COUNT, STATUS, VIEW_COUNT) 
VALUES (211, 7, 3, 8, '안녕하세요~~~ 211', '반갑습니다~~ 211', to_date('08/07/2024', 'MM/DD/RRRR'), 5, 7, 'Y', 0);

INSERT INTO BOARD (BOARD_NO, TAB_NO, LICENSE_NO, MEMBER_NO, BOARD_TITLE, BOARD_CONTENT, BOARD_DATE, LIKE_COUNT, HATE_COUNT, STATUS, VIEW_COUNT) 
VALUES (212, 2, 4, 9, '안녕하세요~~~ 212', '반갑습니다~~ 212', to_date('08/08/2024', 'MM/DD/RRRR'), 13, 4, 'Y', 0);

INSERT INTO BOARD (BOARD_NO, TAB_NO, LICENSE_NO, MEMBER_NO, BOARD_TITLE, BOARD_CONTENT, BOARD_DATE, LIKE_COUNT, HATE_COUNT, STATUS, VIEW_COUNT) 
VALUES (213, 3, 1, 10, '안녕하세요~~~ 213', '반갑습니다~~ 213', to_date('08/09/2024', 'MM/DD/RRRR'), 9, 4, 'Y', 0);

INSERT INTO BOARD (BOARD_NO, TAB_NO, LICENSE_NO, MEMBER_NO, BOARD_TITLE, BOARD_CONTENT, BOARD_DATE, LIKE_COUNT, HATE_COUNT, STATUS, VIEW_COUNT) 
VALUES (214, 4, 2, 11, '안녕하세요~~~ 214', '반갑습니다~~ 214', to_date('08/10/2024', 'MM/DD/RRRR'), 21, 7, 'Y', 0);

INSERT INTO BOARD (BOARD_NO, TAB_NO, LICENSE_NO, MEMBER_NO, BOARD_TITLE, BOARD_CONTENT, BOARD_DATE, LIKE_COUNT, HATE_COUNT, STATUS, VIEW_COUNT) 
VALUES (215, 5, 3, 12, '안녕하세요~~~ 215', '반갑습니다~~ 215', to_date('08/11/2024', 'MM/DD/RRRR'), 9, 2, 'Y', 0);

INSERT INTO BOARD (BOARD_NO, TAB_NO, LICENSE_NO, MEMBER_NO, BOARD_TITLE, BOARD_CONTENT, BOARD_DATE, LIKE_COUNT, HATE_COUNT, STATUS, VIEW_COUNT) 
VALUES (216, 6, 4, 13, '안녕하세요~~~ 216', '반갑습니다~~ 216', to_date('08/12/2024', 'MM/DD/RRRR'), 30, 5, 'Y', 0);

INSERT INTO BOARD (BOARD_NO, TAB_NO, LICENSE_NO, MEMBER_NO, BOARD_TITLE, BOARD_CONTENT, BOARD_DATE, LIKE_COUNT, HATE_COUNT, STATUS, VIEW_COUNT) 
VALUES (217, 7, 1, 14, '안녕하세요~~~ 217', '반갑습니다~~ 217', to_date('08/13/2024', 'MM/DD/RRRR'), 7, 6, 'Y', 0);

INSERT INTO BOARD (BOARD_NO, TAB_NO, LICENSE_NO, MEMBER_NO, BOARD_TITLE, BOARD_CONTENT, BOARD_DATE, LIKE_COUNT, HATE_COUNT, STATUS, VIEW_COUNT) 
VALUES (218, 2, 2, 15, '안녕하세요~~~ 218', '반갑습니다~~ 218', to_date('08/14/2024', 'MM/DD/RRRR'), 30, 5, 'Y', 0);

INSERT INTO BOARD (BOARD_NO, TAB_NO, LICENSE_NO, MEMBER_NO, BOARD_TITLE, BOARD_CONTENT, BOARD_DATE, LIKE_COUNT, HATE_COUNT, STATUS, VIEW_COUNT) 
VALUES (219, 3, 3, 16, '안녕하세요~~~ 219', '반갑습니다~~ 219', to_date('08/15/2024', 'MM/DD/RRRR'), 30, 8, 'Y', 0);

INSERT INTO BOARD (BOARD_NO, TAB_NO, LICENSE_NO, MEMBER_NO, BOARD_TITLE, BOARD_CONTENT, BOARD_DATE, LIKE_COUNT, HATE_COUNT, STATUS, VIEW_COUNT) 
VALUES (220, 4, 4, 17, '안녕하세요~~~ 220', '반갑습니다~~ 220', to_date('08/16/2024', 'MM/DD/RRRR'), 6, 6, 'Y', 0);

INSERT INTO BOARD (BOARD_NO, TAB_NO, LICENSE_NO, MEMBER_NO, BOARD_TITLE, BOARD_CONTENT, BOARD_DATE, LIKE_COUNT, HATE_COUNT, STATUS, VIEW_COUNT) 
VALUES (221, 5, 1, 18, '안녕하세요~~~ 221', '반갑습니다~~ 221', to_date('08/17/2024', 'MM/DD/RRRR'), 24, 1, 'Y', 0);

INSERT INTO BOARD (BOARD_NO, TAB_NO, LICENSE_NO, MEMBER_NO, BOARD_TITLE, BOARD_CONTENT, BOARD_DATE, LIKE_COUNT, HATE_COUNT, STATUS, VIEW_COUNT) 
VALUES (222, 6, 2, 19, '안녕하세요~~~ 222', '반갑습니다~~ 222', to_date('08/18/2024', 'MM/DD/RRRR'), 15, 0, 'Y', 0);

INSERT INTO BOARD (BOARD_NO, TAB_NO, LICENSE_NO, MEMBER_NO, BOARD_TITLE, BOARD_CONTENT, BOARD_DATE, LIKE_COUNT, HATE_COUNT, STATUS, VIEW_COUNT) 
VALUES (223, 7, 3, 20, '안녕하세요~~~ 223', '반갑습니다~~ 223', to_date('08/19/2024', 'MM/DD/RRRR'), 12, 2, 'Y', 0);

INSERT INTO BOARD (BOARD_NO, TAB_NO, LICENSE_NO, MEMBER_NO, BOARD_TITLE, BOARD_CONTENT, BOARD_DATE, LIKE_COUNT, HATE_COUNT, STATUS, VIEW_COUNT) 
VALUES (224, 2, 4, 21, '안녕하세요~~~ 224', '반갑습니다~~ 224', to_date('08/20/2024', 'MM/DD/RRRR'), 23, 7, 'Y', 0);

INSERT INTO BOARD (BOARD_NO, TAB_NO, LICENSE_NO, MEMBER_NO, BOARD_TITLE, BOARD_CONTENT, BOARD_DATE, LIKE_COUNT, HATE_COUNT, STATUS, VIEW_COUNT) 
VALUES (225, 3, 1, 22, '안녕하세요~~~ 225', '반갑습니다~~ 225', to_date('08/21/2024', 'MM/DD/RRRR'), 25, 2, 'Y', 0);

INSERT INTO BOARD (BOARD_NO, TAB_NO, LICENSE_NO, MEMBER_NO, BOARD_TITLE, BOARD_CONTENT, BOARD_DATE, LIKE_COUNT, HATE_COUNT, STATUS, VIEW_COUNT) 
VALUES (226, 4, 2, 23, '안녕하세요~~~ 226', '반갑습니다~~ 226', to_date('08/22/2024', 'MM/DD/RRRR'), 27, 10, 'Y', 0);

INSERT INTO BOARD (BOARD_NO, TAB_NO, LICENSE_NO, MEMBER_NO, BOARD_TITLE, BOARD_CONTENT, BOARD_DATE, LIKE_COUNT, HATE_COUNT, STATUS, VIEW_COUNT) 
VALUES (227, 5, 3, 24, '안녕하세요~~~ 227', '반갑습니다~~ 227', to_date('08/23/2024', 'MM/DD/RRRR'), 15, 9, 'Y', 0);

INSERT INTO BOARD (BOARD_NO, TAB_NO, LICENSE_NO, MEMBER_NO, BOARD_TITLE, BOARD_CONTENT, BOARD_DATE, LIKE_COUNT, HATE_COUNT, STATUS, VIEW_COUNT) 
VALUES (228, 6, 4, 25, '안녕하세요~~~ 228', '반갑습니다~~ 228', to_date('08/24/2024', 'MM/DD/RRRR'), 11, 0, 'Y', 0);

INSERT INTO BOARD (BOARD_NO, TAB_NO, LICENSE_NO, MEMBER_NO, BOARD_TITLE, BOARD_CONTENT, BOARD_DATE, LIKE_COUNT, HATE_COUNT, STATUS, VIEW_COUNT) 
VALUES (229, 7, 1, 26, '안녕하세요~~~ 229', '반갑습니다~~ 229', to_date('08/25/2024', 'MM/DD/RRRR'), 26, 6, 'Y', 0);

INSERT INTO BOARD (BOARD_NO, TAB_NO, LICENSE_NO, MEMBER_NO, BOARD_TITLE, BOARD_CONTENT, BOARD_DATE, LIKE_COUNT, HATE_COUNT, STATUS, VIEW_COUNT) 
VALUES (230, 2, 2, 27, '안녕하세요~~~ 230', '반갑습니다~~ 230', to_date('08/26/2024', 'MM/DD/RRRR'), 24, 1, 'Y', 0);

INSERT INTO BOARD (BOARD_NO, TAB_NO, LICENSE_NO, MEMBER_NO, BOARD_TITLE, BOARD_CONTENT, BOARD_DATE, LIKE_COUNT, HATE_COUNT, STATUS, VIEW_COUNT) 
VALUES (231, 3, 3, 28, '안녕하세요~~~ 231', '반갑습니다~~ 231', to_date('08/27/2024', 'MM/DD/RRRR'), 13, 10, 'Y', 0);

INSERT INTO BOARD (BOARD_NO, TAB_NO, LICENSE_NO, MEMBER_NO, BOARD_TITLE, BOARD_CONTENT, BOARD_DATE, LIKE_COUNT, HATE_COUNT, STATUS, VIEW_COUNT) 
VALUES (232, 4, 4, 29, '안녕하세요~~~ 232', '반갑습니다~~ 232', to_date('08/28/2024', 'MM/DD/RRRR'), 21, 1, 'Y', 0);

INSERT INTO BOARD (BOARD_NO, TAB_NO, LICENSE_NO, MEMBER_NO, BOARD_TITLE, BOARD_CONTENT, BOARD_DATE, LIKE_COUNT, HATE_COUNT, STATUS, VIEW_COUNT) 
VALUES (233, 5, 1, 30, '안녕하세요~~~ 233', '반갑습니다~~ 233', to_date('08/29/2024', 'MM/DD/RRRR'), 2, 4, 'Y', 0);

INSERT INTO BOARD (BOARD_NO, TAB_NO, LICENSE_NO, MEMBER_NO, BOARD_TITLE, BOARD_CONTENT, BOARD_DATE, LIKE_COUNT, HATE_COUNT, STATUS, VIEW_COUNT) 
VALUES (234, 6, 2, 2, '안녕하세요~~~ 234', '반갑습니다~~ 234', to_date('08/30/2024', 'MM/DD/RRRR'), 27, 8, 'Y', 0);

INSERT INTO BOARD (BOARD_NO, TAB_NO, LICENSE_NO, MEMBER_NO, BOARD_TITLE, BOARD_CONTENT, BOARD_DATE, LIKE_COUNT, HATE_COUNT, STATUS, VIEW_COUNT) 
VALUES (235, 7, 3, 3, '안녕하세요~~~ 235', '반갑습니다~~ 235', to_date('08/31/2024', 'MM/DD/RRRR'), 18, 7, 'Y', 0);

INSERT INTO BOARD (BOARD_NO, TAB_NO, LICENSE_NO, MEMBER_NO, BOARD_TITLE, BOARD_CONTENT, BOARD_DATE, LIKE_COUNT, HATE_COUNT, STATUS, VIEW_COUNT) 
VALUES (236, 2, 4, 4, '안녕하세요~~~ 236', '반갑습니다~~ 236', to_date('09/01/2024', 'MM/DD/RRRR'), 9, 7, 'Y', 0);

INSERT INTO BOARD (BOARD_NO, TAB_NO, LICENSE_NO, MEMBER_NO, BOARD_TITLE, BOARD_CONTENT, BOARD_DATE, LIKE_COUNT, HATE_COUNT, STATUS, VIEW_COUNT) 
VALUES (237, 3, 1, 5, '안녕하세요~~~ 237', '반갑습니다~~ 237', to_date('09/02/2024', 'MM/DD/RRRR'), 19, 8, 'Y', 0);

INSERT INTO BOARD (BOARD_NO, TAB_NO, LICENSE_NO, MEMBER_NO, BOARD_TITLE, BOARD_CONTENT, BOARD_DATE, LIKE_COUNT, HATE_COUNT, STATUS, VIEW_COUNT) 
VALUES (238, 4, 2, 6, '안녕하세요~~~ 238', '반갑습니다~~ 238', to_date('09/03/2024', 'MM/DD/RRRR'), 19, 0, 'Y', 0);

INSERT INTO BOARD (BOARD_NO, TAB_NO, LICENSE_NO, MEMBER_NO, BOARD_TITLE, BOARD_CONTENT, BOARD_DATE, LIKE_COUNT, HATE_COUNT, STATUS, VIEW_COUNT) 
VALUES (239, 5, 3, 7, '안녕하세요~~~ 239', '반갑습니다~~ 239', to_date('09/04/2024', 'MM/DD/RRRR'), 0, 1, 'Y', 0);

INSERT INTO BOARD (BOARD_NO, TAB_NO, LICENSE_NO, MEMBER_NO, BOARD_TITLE, BOARD_CONTENT, BOARD_DATE, LIKE_COUNT, HATE_COUNT, STATUS, VIEW_COUNT) 
VALUES (240, 6, 4, 8, '안녕하세요~~~ 240', '반갑습니다~~ 240', to_date('09/05/2024', 'MM/DD/RRRR'), 2, 9, 'Y', 0);

INSERT INTO BOARD (BOARD_NO, TAB_NO, LICENSE_NO, MEMBER_NO, BOARD_TITLE, BOARD_CONTENT, BOARD_DATE, LIKE_COUNT, HATE_COUNT, STATUS, VIEW_COUNT) 
VALUES (241, 7, 1, 9, '안녕하세요~~~ 241', '반갑습니다~~ 241', to_date('09/06/2024', 'MM/DD/RRRR'), 12, 10, 'Y', 0);

INSERT INTO BOARD (BOARD_NO, TAB_NO, LICENSE_NO, MEMBER_NO, BOARD_TITLE, BOARD_CONTENT, BOARD_DATE, LIKE_COUNT, HATE_COUNT, STATUS, VIEW_COUNT) 
VALUES (242, 2, 2, 10, '안녕하세요~~~ 242', '반갑습니다~~ 242', to_date('09/07/2024', 'MM/DD/RRRR'), 8, 5, 'Y', 0);

INSERT INTO BOARD (BOARD_NO, TAB_NO, LICENSE_NO, MEMBER_NO, BOARD_TITLE, BOARD_CONTENT, BOARD_DATE, LIKE_COUNT, HATE_COUNT, STATUS, VIEW_COUNT) 
VALUES (243, 3, 3, 11, '안녕하세요~~~ 243', '반갑습니다~~ 243', to_date('09/08/2024', 'MM/DD/RRRR'), 9, 2, 'Y', 0);

INSERT INTO BOARD (BOARD_NO, TAB_NO, LICENSE_NO, MEMBER_NO, BOARD_TITLE, BOARD_CONTENT, BOARD_DATE, LIKE_COUNT, HATE_COUNT, STATUS, VIEW_COUNT) 
VALUES (244, 4, 4, 12, '안녕하세요~~~ 244', '반갑습니다~~ 244', to_date('09/09/2024', 'MM/DD/RRRR'), 3, 0, 'Y', 0);

INSERT INTO BOARD (BOARD_NO, TAB_NO, LICENSE_NO, MEMBER_NO, BOARD_TITLE, BOARD_CONTENT, BOARD_DATE, LIKE_COUNT, HATE_COUNT, STATUS, VIEW_COUNT) 
VALUES (245, 5, 1, 13, '안녕하세요~~~ 245', '반갑습니다~~ 245', to_date('09/10/2024', 'MM/DD/RRRR'), 18, 6, 'Y', 0);

INSERT INTO BOARD (BOARD_NO, TAB_NO, LICENSE_NO, MEMBER_NO, BOARD_TITLE, BOARD_CONTENT, BOARD_DATE, LIKE_COUNT, HATE_COUNT, STATUS, VIEW_COUNT) 
VALUES (246, 6, 2, 14, '안녕하세요~~~ 246', '반갑습니다~~ 246', to_date('09/11/2024', 'MM/DD/RRRR'), 6, 8, 'Y', 0);

INSERT INTO BOARD (BOARD_NO, TAB_NO, LICENSE_NO, MEMBER_NO, BOARD_TITLE, BOARD_CONTENT, BOARD_DATE, LIKE_COUNT, HATE_COUNT, STATUS, VIEW_COUNT) 
VALUES (247, 7, 3, 15, '안녕하세요~~~ 247', '반갑습니다~~ 247', to_date('09/12/2024', 'MM/DD/RRRR'), 3, 5, 'Y', 0);

INSERT INTO BOARD (BOARD_NO, TAB_NO, LICENSE_NO, MEMBER_NO, BOARD_TITLE, BOARD_CONTENT, BOARD_DATE, LIKE_COUNT, HATE_COUNT, STATUS, VIEW_COUNT) 
VALUES (248, 2, 4, 16, '안녕하세요~~~ 248', '반갑습니다~~ 248', to_date('09/13/2024', 'MM/DD/RRRR'), 11, 5, 'Y', 0);

INSERT INTO BOARD (BOARD_NO, TAB_NO, LICENSE_NO, MEMBER_NO, BOARD_TITLE, BOARD_CONTENT, BOARD_DATE, LIKE_COUNT, HATE_COUNT, STATUS, VIEW_COUNT) 
VALUES (249, 3, 1, 17, '안녕하세요~~~ 249', '반갑습니다~~ 249', to_date('09/14/2024', 'MM/DD/RRRR'), 18, 7, 'Y', 0);

INSERT INTO BOARD (BOARD_NO, TAB_NO, LICENSE_NO, MEMBER_NO, BOARD_TITLE, BOARD_CONTENT, BOARD_DATE, LIKE_COUNT, HATE_COUNT, STATUS, VIEW_COUNT) 
VALUES (250, 4, 2, 18, '안녕하세요~~~ 250', '반갑습니다~~ 250', to_date('09/15/2024', 'MM/DD/RRRR'), 18, 10, 'Y', 0);

INSERT INTO BOARD (BOARD_NO, TAB_NO, LICENSE_NO, MEMBER_NO, BOARD_TITLE, BOARD_CONTENT, BOARD_DATE, LIKE_COUNT, HATE_COUNT, STATUS, VIEW_COUNT) 
VALUES (251, 5, 3, 19, '안녕하세요~~~ 251', '반갑습니다~~ 251', to_date('09/16/2024', 'MM/DD/RRRR'), 7, 4, 'Y', 0);

INSERT INTO BOARD (BOARD_NO, TAB_NO, LICENSE_NO, MEMBER_NO, BOARD_TITLE, BOARD_CONTENT, BOARD_DATE, LIKE_COUNT, HATE_COUNT, STATUS, VIEW_COUNT) 
VALUES (252, 6, 4, 20, '안녕하세요~~~ 252', '반갑습니다~~ 252', to_date('09/17/2024', 'MM/DD/RRRR'), 9, 9, 'Y', 0);

INSERT INTO BOARD (BOARD_NO, TAB_NO, LICENSE_NO, MEMBER_NO, BOARD_TITLE, BOARD_CONTENT, BOARD_DATE, LIKE_COUNT, HATE_COUNT, STATUS, VIEW_COUNT) 
VALUES (253, 7, 1, 21, '안녕하세요~~~ 253', '반갑습니다~~ 253', to_date('09/18/2024', 'MM/DD/RRRR'), 0, 7, 'Y', 0);

INSERT INTO BOARD (BOARD_NO, TAB_NO, LICENSE_NO, MEMBER_NO, BOARD_TITLE, BOARD_CONTENT, BOARD_DATE, LIKE_COUNT, HATE_COUNT, STATUS, VIEW_COUNT) 
VALUES (254, 2, 2, 22, '안녕하세요~~~ 254', '반갑습니다~~ 254', to_date('09/19/2024', 'MM/DD/RRRR'), 19, 10, 'Y', 0);

INSERT INTO BOARD (BOARD_NO, TAB_NO, LICENSE_NO, MEMBER_NO, BOARD_TITLE, BOARD_CONTENT, BOARD_DATE, LIKE_COUNT, HATE_COUNT, STATUS, VIEW_COUNT) 
VALUES (255, 3, 3, 23, '안녕하세요~~~ 255', '반갑습니다~~ 255', to_date('09/20/2024', 'MM/DD/RRRR'), 0, 3, 'Y', 0);

INSERT INTO BOARD (BOARD_NO, TAB_NO, LICENSE_NO, MEMBER_NO, BOARD_TITLE, BOARD_CONTENT, BOARD_DATE, LIKE_COUNT, HATE_COUNT, STATUS, VIEW_COUNT) 
VALUES (256, 4, 4, 24, '안녕하세요~~~ 256', '반갑습니다~~ 256', to_date('09/21/2024', 'MM/DD/RRRR'), 13, 5, 'Y', 0);

INSERT INTO BOARD (BOARD_NO, TAB_NO, LICENSE_NO, MEMBER_NO, BOARD_TITLE, BOARD_CONTENT, BOARD_DATE, LIKE_COUNT, HATE_COUNT, STATUS, VIEW_COUNT) 
VALUES (257, 5, 1, 25, '안녕하세요~~~ 257', '반갑습니다~~ 257', to_date('09/22/2024', 'MM/DD/RRRR'), 15, 1, 'Y', 0);

INSERT INTO BOARD (BOARD_NO, TAB_NO, LICENSE_NO, MEMBER_NO, BOARD_TITLE, BOARD_CONTENT, BOARD_DATE, LIKE_COUNT, HATE_COUNT, STATUS, VIEW_COUNT) 
VALUES (258, 6, 2, 26, '안녕하세요~~~ 258', '반갑습니다~~ 258', to_date('09/23/2024', 'MM/DD/RRRR'), 16, 4, 'Y', 0);

INSERT INTO BOARD (BOARD_NO, TAB_NO, LICENSE_NO, MEMBER_NO, BOARD_TITLE, BOARD_CONTENT, BOARD_DATE, LIKE_COUNT, HATE_COUNT, STATUS, VIEW_COUNT) 
VALUES (259, 7, 3, 27, '안녕하세요~~~ 259', '반갑습니다~~ 259', to_date('09/24/2024', 'MM/DD/RRRR'), 13, 1, 'Y', 0);

INSERT INTO BOARD (BOARD_NO, TAB_NO, LICENSE_NO, MEMBER_NO, BOARD_TITLE, BOARD_CONTENT, BOARD_DATE, LIKE_COUNT, HATE_COUNT, STATUS, VIEW_COUNT) 
VALUES (260, 2, 4, 28, '안녕하세요~~~ 260', '반갑습니다~~ 260', to_date('09/25/2024', 'MM/DD/RRRR'), 22, 6, 'Y', 0);

INSERT INTO BOARD (BOARD_NO, TAB_NO, LICENSE_NO, MEMBER_NO, BOARD_TITLE, BOARD_CONTENT, BOARD_DATE, LIKE_COUNT, HATE_COUNT, STATUS, VIEW_COUNT) 
VALUES (261, 3, 1, 29, '안녕하세요~~~ 261', '반갑습니다~~ 261', to_date('09/26/2024', 'MM/DD/RRRR'), 15, 3, 'Y', 0);

INSERT INTO BOARD (BOARD_NO, TAB_NO, LICENSE_NO, MEMBER_NO, BOARD_TITLE, BOARD_CONTENT, BOARD_DATE, LIKE_COUNT, HATE_COUNT, STATUS, VIEW_COUNT) 
VALUES (262, 4, 2, 30, '안녕하세요~~~ 262', '반갑습니다~~ 262', to_date('09/27/2024', 'MM/DD/RRRR'), 19, 8, 'Y', 0);

INSERT INTO BOARD (BOARD_NO, TAB_NO, LICENSE_NO, MEMBER_NO, BOARD_TITLE, BOARD_CONTENT, BOARD_DATE, LIKE_COUNT, HATE_COUNT, STATUS, VIEW_COUNT) 
VALUES (263, 5, 3, 2, '안녕하세요~~~ 263', '반갑습니다~~ 263', to_date('09/28/2024', 'MM/DD/RRRR'), 24, 6, 'Y', 0);

INSERT INTO BOARD (BOARD_NO, TAB_NO, LICENSE_NO, MEMBER_NO, BOARD_TITLE, BOARD_CONTENT, BOARD_DATE, LIKE_COUNT, HATE_COUNT, STATUS, VIEW_COUNT) 
VALUES (264, 6, 4, 3, '안녕하세요~~~ 264', '반갑습니다~~ 264', to_date('09/29/2024', 'MM/DD/RRRR'), 19, 8, 'Y', 0);

INSERT INTO BOARD (BOARD_NO, TAB_NO, LICENSE_NO, MEMBER_NO, BOARD_TITLE, BOARD_CONTENT, BOARD_DATE, LIKE_COUNT, HATE_COUNT, STATUS, VIEW_COUNT) 
VALUES (265, 7, 1, 4, '안녕하세요~~~ 265', '반갑습니다~~ 265', to_date('09/30/2024', 'MM/DD/RRRR'), 25, 9, 'Y', 0);

INSERT INTO BOARD (BOARD_NO, TAB_NO, LICENSE_NO, MEMBER_NO, BOARD_TITLE, BOARD_CONTENT, BOARD_DATE, LIKE_COUNT, HATE_COUNT, STATUS, VIEW_COUNT) 
VALUES (266, 2, 2, 5, '안녕하세요~~~ 266', '반갑습니다~~ 266', to_date('10/01/2024', 'MM/DD/RRRR'), 11, 3, 'Y', 0);

INSERT INTO BOARD (BOARD_NO, TAB_NO, LICENSE_NO, MEMBER_NO, BOARD_TITLE, BOARD_CONTENT, BOARD_DATE, LIKE_COUNT, HATE_COUNT, STATUS, VIEW_COUNT) 
VALUES (267, 3, 3, 6, '안녕하세요~~~ 267', '반갑습니다~~ 267', to_date('10/02/2024', 'MM/DD/RRRR'), 6, 9, 'Y', 0);

INSERT INTO BOARD (BOARD_NO, TAB_NO, LICENSE_NO, MEMBER_NO, BOARD_TITLE, BOARD_CONTENT, BOARD_DATE, LIKE_COUNT, HATE_COUNT, STATUS, VIEW_COUNT) 
VALUES (268, 4, 4, 7, '안녕하세요~~~ 268', '반갑습니다~~ 268', to_date('10/03/2024', 'MM/DD/RRRR'), 3, 8, 'Y', 0);

INSERT INTO BOARD (BOARD_NO, TAB_NO, LICENSE_NO, MEMBER_NO, BOARD_TITLE, BOARD_CONTENT, BOARD_DATE, LIKE_COUNT, HATE_COUNT, STATUS, VIEW_COUNT) 
VALUES (269, 5, 1, 8, '안녕하세요~~~ 269', '반갑습니다~~ 269', to_date('10/04/2024', 'MM/DD/RRRR'), 6, 9, 'Y', 0);

INSERT INTO BOARD (BOARD_NO, TAB_NO, LICENSE_NO, MEMBER_NO, BOARD_TITLE, BOARD_CONTENT, BOARD_DATE, LIKE_COUNT, HATE_COUNT, STATUS, VIEW_COUNT) 
VALUES (270, 6, 2, 9, '안녕하세요~~~ 270', '반갑습니다~~ 270', to_date('10/05/2024', 'MM/DD/RRRR'), 26, 8, 'Y', 0);

INSERT INTO BOARD (BOARD_NO, TAB_NO, LICENSE_NO, MEMBER_NO, BOARD_TITLE, BOARD_CONTENT, BOARD_DATE, LIKE_COUNT, HATE_COUNT, STATUS, VIEW_COUNT) 
VALUES (271, 7, 3, 10, '안녕하세요~~~ 271', '반갑습니다~~ 271', to_date('10/06/2024', 'MM/DD/RRRR'), 3, 5, 'Y', 0);

INSERT INTO BOARD (BOARD_NO, TAB_NO, LICENSE_NO, MEMBER_NO, BOARD_TITLE, BOARD_CONTENT, BOARD_DATE, LIKE_COUNT, HATE_COUNT, STATUS, VIEW_COUNT) 
VALUES (272, 2, 4, 11, '안녕하세요~~~ 272', '반갑습니다~~ 272', to_date('10/07/2024', 'MM/DD/RRRR'), 27, 0, 'Y', 0);

INSERT INTO BOARD (BOARD_NO, TAB_NO, LICENSE_NO, MEMBER_NO, BOARD_TITLE, BOARD_CONTENT, BOARD_DATE, LIKE_COUNT, HATE_COUNT, STATUS, VIEW_COUNT) 
VALUES (273, 3, 1, 12, '안녕하세요~~~ 273', '반갑습니다~~ 273', to_date('10/08/2024', 'MM/DD/RRRR'), 24, 10, 'Y', 0);

INSERT INTO BOARD (BOARD_NO, TAB_NO, LICENSE_NO, MEMBER_NO, BOARD_TITLE, BOARD_CONTENT, BOARD_DATE, LIKE_COUNT, HATE_COUNT, STATUS, VIEW_COUNT) 
VALUES (274, 4, 2, 13, '안녕하세요~~~ 274', '반갑습니다~~ 274', to_date('10/09/2024', 'MM/DD/RRRR'), 1, 9, 'Y', 0);

INSERT INTO BOARD (BOARD_NO, TAB_NO, LICENSE_NO, MEMBER_NO, BOARD_TITLE, BOARD_CONTENT, BOARD_DATE, LIKE_COUNT, HATE_COUNT, STATUS, VIEW_COUNT) 
VALUES (275, 5, 3, 14, '안녕하세요~~~ 275', '반갑습니다~~ 275', to_date('10/10/2024', 'MM/DD/RRRR'), 26, 6, 'Y', 0);

INSERT INTO BOARD (BOARD_NO, TAB_NO, LICENSE_NO, MEMBER_NO, BOARD_TITLE, BOARD_CONTENT, BOARD_DATE, LIKE_COUNT, HATE_COUNT, STATUS, VIEW_COUNT) 
VALUES (276, 6, 4, 15, '안녕하세요~~~ 276', '반갑습니다~~ 276', to_date('10/11/2024', 'MM/DD/RRRR'), 10, 1, 'Y', 0);

INSERT INTO BOARD (BOARD_NO, TAB_NO, LICENSE_NO, MEMBER_NO, BOARD_TITLE, BOARD_CONTENT, BOARD_DATE, LIKE_COUNT, HATE_COUNT, STATUS, VIEW_COUNT) 
VALUES (277, 7, 1, 16, '안녕하세요~~~ 277', '반갑습니다~~ 277', to_date('10/12/2024', 'MM/DD/RRRR'), 28, 1, 'Y', 0);

INSERT INTO BOARD (BOARD_NO, TAB_NO, LICENSE_NO, MEMBER_NO, BOARD_TITLE, BOARD_CONTENT, BOARD_DATE, LIKE_COUNT, HATE_COUNT, STATUS, VIEW_COUNT) 
VALUES (278, 2, 2, 17, '안녕하세요~~~ 278', '반갑습니다~~ 278', to_date('10/13/2024', 'MM/DD/RRRR'), 1, 1, 'Y', 0);

INSERT INTO BOARD (BOARD_NO, TAB_NO, LICENSE_NO, MEMBER_NO, BOARD_TITLE, BOARD_CONTENT, BOARD_DATE, LIKE_COUNT, HATE_COUNT, STATUS, VIEW_COUNT) 
VALUES (279, 3, 3, 18, '안녕하세요~~~ 279', '반갑습니다~~ 279', to_date('10/14/2024', 'MM/DD/RRRR'), 21, 10, 'Y', 0);

INSERT INTO BOARD (BOARD_NO, TAB_NO, LICENSE_NO, MEMBER_NO, BOARD_TITLE, BOARD_CONTENT, BOARD_DATE, LIKE_COUNT, HATE_COUNT, STATUS, VIEW_COUNT) 
VALUES (280, 4, 4, 19, '안녕하세요~~~ 280', '반갑습니다~~ 280', to_date('10/15/2024', 'MM/DD/RRRR'), 6, 3, 'Y', 0);

INSERT INTO BOARD (BOARD_NO, TAB_NO, LICENSE_NO, MEMBER_NO, BOARD_TITLE, BOARD_CONTENT, BOARD_DATE, LIKE_COUNT, HATE_COUNT, STATUS, VIEW_COUNT) 
VALUES (281, 5, 1, 20, '안녕하세요~~~ 281', '반갑습니다~~ 281', to_date('10/16/2024', 'MM/DD/RRRR'), 13, 5, 'Y', 0);

INSERT INTO BOARD (BOARD_NO, TAB_NO, LICENSE_NO, MEMBER_NO, BOARD_TITLE, BOARD_CONTENT, BOARD_DATE, LIKE_COUNT, HATE_COUNT, STATUS, VIEW_COUNT) 
VALUES (282, 6, 2, 21, '안녕하세요~~~ 282', '반갑습니다~~ 282', to_date('10/17/2024', 'MM/DD/RRRR'), 1, 9, 'Y', 0);

INSERT INTO BOARD (BOARD_NO, TAB_NO, LICENSE_NO, MEMBER_NO, BOARD_TITLE, BOARD_CONTENT, BOARD_DATE, LIKE_COUNT, HATE_COUNT, STATUS, VIEW_COUNT) 
VALUES (283, 7, 3, 22, '안녕하세요~~~ 283', '반갑습니다~~ 283', to_date('10/18/2024', 'MM/DD/RRRR'), 6, 7, 'Y', 0);

INSERT INTO BOARD (BOARD_NO, TAB_NO, LICENSE_NO, MEMBER_NO, BOARD_TITLE, BOARD_CONTENT, BOARD_DATE, LIKE_COUNT, HATE_COUNT, STATUS, VIEW_COUNT) 
VALUES (284, 2, 4, 23, '안녕하세요~~~ 284', '반갑습니다~~ 284', to_date('10/19/2024', 'MM/DD/RRRR'), 26, 5, 'Y', 0);

INSERT INTO BOARD (BOARD_NO, TAB_NO, LICENSE_NO, MEMBER_NO, BOARD_TITLE, BOARD_CONTENT, BOARD_DATE, LIKE_COUNT, HATE_COUNT, STATUS, VIEW_COUNT) 
VALUES (285, 3, 1, 24, '안녕하세요~~~ 285', '반갑습니다~~ 285', to_date('10/20/2024', 'MM/DD/RRRR'), 1, 3, 'Y', 0);

INSERT INTO BOARD (BOARD_NO, TAB_NO, LICENSE_NO, MEMBER_NO, BOARD_TITLE, BOARD_CONTENT, BOARD_DATE, LIKE_COUNT, HATE_COUNT, STATUS, VIEW_COUNT) 
VALUES (286, 4, 2, 25, '안녕하세요~~~ 286', '반갑습니다~~ 286', to_date('10/21/2024', 'MM/DD/RRRR'), 27, 2, 'Y', 0);

INSERT INTO BOARD (BOARD_NO, TAB_NO, LICENSE_NO, MEMBER_NO, BOARD_TITLE, BOARD_CONTENT, BOARD_DATE, LIKE_COUNT, HATE_COUNT, STATUS, VIEW_COUNT) 
VALUES (287, 5, 3, 26, '안녕하세요~~~ 287', '반갑습니다~~ 287', to_date('10/22/2024', 'MM/DD/RRRR'), 25, 9, 'Y', 0);

INSERT INTO BOARD (BOARD_NO, TAB_NO, LICENSE_NO, MEMBER_NO, BOARD_TITLE, BOARD_CONTENT, BOARD_DATE, LIKE_COUNT, HATE_COUNT, STATUS, VIEW_COUNT) 
VALUES (288, 6, 4, 27, '안녕하세요~~~ 288', '반갑습니다~~ 288', to_date('10/23/2024', 'MM/DD/RRRR'), 18, 0, 'Y', 0);

INSERT INTO BOARD (BOARD_NO, TAB_NO, LICENSE_NO, MEMBER_NO, BOARD_TITLE, BOARD_CONTENT, BOARD_DATE, LIKE_COUNT, HATE_COUNT, STATUS, VIEW_COUNT) 
VALUES (289, 7, 1, 28, '안녕하세요~~~ 289', '반갑습니다~~ 289', to_date('10/24/2024', 'MM/DD/RRRR'), 5, 5, 'Y', 0);

INSERT INTO BOARD (BOARD_NO, TAB_NO, LICENSE_NO, MEMBER_NO, BOARD_TITLE, BOARD_CONTENT, BOARD_DATE, LIKE_COUNT, HATE_COUNT, STATUS, VIEW_COUNT) 
VALUES (290, 2, 2, 29, '안녕하세요~~~ 290', '반갑습니다~~ 290', to_date('10/25/2024', 'MM/DD/RRRR'), 22, 7, 'Y', 0);

INSERT INTO BOARD (BOARD_NO, TAB_NO, LICENSE_NO, MEMBER_NO, BOARD_TITLE, BOARD_CONTENT, BOARD_DATE, LIKE_COUNT, HATE_COUNT, STATUS, VIEW_COUNT) 
VALUES (291, 3, 3, 30, '안녕하세요~~~ 291', '반갑습니다~~ 291', to_date('10/26/2024', 'MM/DD/RRRR'), 9, 3, 'Y', 0);

INSERT INTO BOARD (BOARD_NO, TAB_NO, LICENSE_NO, MEMBER_NO, BOARD_TITLE, BOARD_CONTENT, BOARD_DATE, LIKE_COUNT, HATE_COUNT, STATUS, VIEW_COUNT) 
VALUES (292, 4, 4, 2, '안녕하세요~~~ 292', '반갑습니다~~ 292', to_date('10/27/2024', 'MM/DD/RRRR'), 2, 5, 'Y', 0);

INSERT INTO BOARD (BOARD_NO, TAB_NO, LICENSE_NO, MEMBER_NO, BOARD_TITLE, BOARD_CONTENT, BOARD_DATE, LIKE_COUNT, HATE_COUNT, STATUS, VIEW_COUNT) 
VALUES (293, 5, 1, 3, '안녕하세요~~~ 293', '반갑습니다~~ 293', to_date('10/28/2024', 'MM/DD/RRRR'), 20, 2, 'Y', 0);

INSERT INTO BOARD (BOARD_NO, TAB_NO, LICENSE_NO, MEMBER_NO, BOARD_TITLE, BOARD_CONTENT, BOARD_DATE, LIKE_COUNT, HATE_COUNT, STATUS, VIEW_COUNT) 
VALUES (294, 6, 2, 4, '안녕하세요~~~ 294', '반갑습니다~~ 294', to_date('10/29/2024', 'MM/DD/RRRR'), 17, 8, 'Y', 0);

INSERT INTO BOARD (BOARD_NO, TAB_NO, LICENSE_NO, MEMBER_NO, BOARD_TITLE, BOARD_CONTENT, BOARD_DATE, LIKE_COUNT, HATE_COUNT, STATUS, VIEW_COUNT) 
VALUES (295, 7, 3, 5, '안녕하세요~~~ 295', '반갑습니다~~ 295', to_date('10/30/2024', 'MM/DD/RRRR'), 25, 7, 'Y', 0);

INSERT INTO BOARD (BOARD_NO, TAB_NO, LICENSE_NO, MEMBER_NO, BOARD_TITLE, BOARD_CONTENT, BOARD_DATE, LIKE_COUNT, HATE_COUNT, STATUS, VIEW_COUNT) 
VALUES (296, 2, 4, 6, '안녕하세요~~~ 296', '반갑습니다~~ 296', to_date('10/31/2024', 'MM/DD/RRRR'), 14, 6, 'Y', 0);

INSERT INTO BOARD (BOARD_NO, TAB_NO, LICENSE_NO, MEMBER_NO, BOARD_TITLE, BOARD_CONTENT, BOARD_DATE, LIKE_COUNT, HATE_COUNT, STATUS, VIEW_COUNT) 
VALUES (297, 3, 1, 7, '안녕하세요~~~ 297', '반갑습니다~~ 297', to_date('11/01/2024', 'MM/DD/RRRR'), 23, 10, 'Y', 0);

INSERT INTO BOARD (BOARD_NO, TAB_NO, LICENSE_NO, MEMBER_NO, BOARD_TITLE, BOARD_CONTENT, BOARD_DATE, LIKE_COUNT, HATE_COUNT, STATUS, VIEW_COUNT) 
VALUES (298, 4, 2, 8, '안녕하세요~~~ 298', '반갑습니다~~ 298', to_date('11/02/2024', 'MM/DD/RRRR'), 24, 5, 'Y', 0);

INSERT INTO BOARD (BOARD_NO, TAB_NO, LICENSE_NO, MEMBER_NO, BOARD_TITLE, BOARD_CONTENT, BOARD_DATE, LIKE_COUNT, HATE_COUNT, STATUS, VIEW_COUNT) 
VALUES (299, 5, 3, 9, '안녕하세요~~~ 299', '반갑습니다~~ 299', to_date('11/03/2024', 'MM/DD/RRRR'), 23, 7, 'Y', 0);

INSERT INTO BOARD (BOARD_NO, TAB_NO, LICENSE_NO, MEMBER_NO, BOARD_TITLE, BOARD_CONTENT, BOARD_DATE, LIKE_COUNT, HATE_COUNT, STATUS, VIEW_COUNT) 
VALUES (300, 6, 4, 10, '안녕하세요~~~ 300', '반갑습니다~~ 300', to_date('11/04/2024', 'MM/DD/RRRR'), 7, 8, 'Y', 0);

INSERT INTO BOARD (BOARD_NO, TAB_NO, LICENSE_NO, MEMBER_NO, BOARD_TITLE, BOARD_CONTENT, BOARD_DATE, LIKE_COUNT, HATE_COUNT, STATUS, VIEW_COUNT) 
VALUES (301, 7, 1, 11, '안녕하세요~~~ 301', '반갑습니다~~ 301', to_date('11/05/2024', 'MM/DD/RRRR'), 29, 7, 'Y', 0);

INSERT INTO BOARD (BOARD_NO, TAB_NO, LICENSE_NO, MEMBER_NO, BOARD_TITLE, BOARD_CONTENT, BOARD_DATE, LIKE_COUNT, HATE_COUNT, STATUS, VIEW_COUNT) 
VALUES (302, 2, 2, 12, '안녕하세요~~~ 302', '반갑습니다~~ 302', to_date('11/06/2024', 'MM/DD/RRRR'), 12, 1, 'Y', 0);

INSERT INTO BOARD (BOARD_NO, TAB_NO, LICENSE_NO, MEMBER_NO, BOARD_TITLE, BOARD_CONTENT, BOARD_DATE, LIKE_COUNT, HATE_COUNT, STATUS, VIEW_COUNT) 
VALUES (303, 3, 3, 13, '안녕하세요~~~ 303', '반갑습니다~~ 303', to_date('11/07/2024', 'MM/DD/RRRR'), 13, 10, 'Y', 0);

INSERT INTO BOARD (BOARD_NO, TAB_NO, LICENSE_NO, MEMBER_NO, BOARD_TITLE, BOARD_CONTENT, BOARD_DATE, LIKE_COUNT, HATE_COUNT, STATUS, VIEW_COUNT) 
VALUES (304, 4, 4, 14, '안녕하세요~~~ 304', '반갑습니다~~ 304', to_date('11/08/2024', 'MM/DD/RRRR'), 19, 8, 'Y', 0);

INSERT INTO BOARD (BOARD_NO, TAB_NO, LICENSE_NO, MEMBER_NO, BOARD_TITLE, BOARD_CONTENT, BOARD_DATE, LIKE_COUNT, HATE_COUNT, STATUS, VIEW_COUNT) 
VALUES (305, 5, 1, 15, '안녕하세요~~~ 305', '반갑습니다~~ 305', to_date('11/09/2024', 'MM/DD/RRRR'), 15, 3, 'Y', 0);

INSERT INTO BOARD (BOARD_NO, TAB_NO, LICENSE_NO, MEMBER_NO, BOARD_TITLE, BOARD_CONTENT, BOARD_DATE, LIKE_COUNT, HATE_COUNT, STATUS, VIEW_COUNT) 
VALUES (306, 6, 2, 16, '안녕하세요~~~ 306', '반갑습니다~~ 306', to_date('11/10/2024', 'MM/DD/RRRR'), 7, 2, 'Y', 0);

INSERT INTO BOARD (BOARD_NO, TAB_NO, LICENSE_NO, MEMBER_NO, BOARD_TITLE, BOARD_CONTENT, BOARD_DATE, LIKE_COUNT, HATE_COUNT, STATUS, VIEW_COUNT) 
VALUES (307, 7, 3, 17, '안녕하세요~~~ 307', '반갑습니다~~ 307', to_date('11/11/2024', 'MM/DD/RRRR'), 12, 7, 'Y', 0);

INSERT INTO BOARD (BOARD_NO, TAB_NO, LICENSE_NO, MEMBER_NO, BOARD_TITLE, BOARD_CONTENT, BOARD_DATE, LIKE_COUNT, HATE_COUNT, STATUS, VIEW_COUNT) 
VALUES (308, 2, 4, 18, '안녕하세요~~~ 308', '반갑습니다~~ 308', to_date('11/12/2024', 'MM/DD/RRRR'), 28, 2, 'Y', 0);

INSERT INTO BOARD (BOARD_NO, TAB_NO, LICENSE_NO, MEMBER_NO, BOARD_TITLE, BOARD_CONTENT, BOARD_DATE, LIKE_COUNT, HATE_COUNT, STATUS, VIEW_COUNT) 
VALUES (309, 3, 1, 19, '안녕하세요~~~ 309', '반갑습니다~~ 309', to_date('11/13/2024', 'MM/DD/RRRR'), 9, 10, 'Y', 0);

INSERT INTO BOARD (BOARD_NO, TAB_NO, LICENSE_NO, MEMBER_NO, BOARD_TITLE, BOARD_CONTENT, BOARD_DATE, LIKE_COUNT, HATE_COUNT, STATUS, VIEW_COUNT) 
VALUES (310, 4, 2, 20, '안녕하세요~~~ 310', '반갑습니다~~ 310', to_date('11/14/2024', 'MM/DD/RRRR'), 19, 6, 'Y', 0);

INSERT INTO BOARD (BOARD_NO, TAB_NO, LICENSE_NO, MEMBER_NO, BOARD_TITLE, BOARD_CONTENT, BOARD_DATE, LIKE_COUNT, HATE_COUNT, STATUS, VIEW_COUNT) 
VALUES (311, 5, 3, 21, '안녕하세요~~~ 311', '반갑습니다~~ 311', to_date('11/15/2024', 'MM/DD/RRRR'), 29, 9, 'Y', 0);

INSERT INTO BOARD (BOARD_NO, TAB_NO, LICENSE_NO, MEMBER_NO, BOARD_TITLE, BOARD_CONTENT, BOARD_DATE, LIKE_COUNT, HATE_COUNT, STATUS, VIEW_COUNT) 
VALUES (312, 6, 4, 22, '안녕하세요~~~ 312', '반갑습니다~~ 312', to_date('11/16/2024', 'MM/DD/RRRR'), 21, 8, 'Y', 0);

INSERT INTO BOARD (BOARD_NO, TAB_NO, LICENSE_NO, MEMBER_NO, BOARD_TITLE, BOARD_CONTENT, BOARD_DATE, LIKE_COUNT, HATE_COUNT, STATUS, VIEW_COUNT) 
VALUES (313, 7, 1, 23, '안녕하세요~~~ 313', '반갑습니다~~ 313', to_date('11/17/2024', 'MM/DD/RRRR'), 20, 5, 'Y', 0);

INSERT INTO BOARD (BOARD_NO, TAB_NO, LICENSE_NO, MEMBER_NO, BOARD_TITLE, BOARD_CONTENT, BOARD_DATE, LIKE_COUNT, HATE_COUNT, STATUS, VIEW_COUNT) 
VALUES (314, 2, 2, 24, '안녕하세요~~~ 314', '반갑습니다~~ 314', to_date('11/18/2024', 'MM/DD/RRRR'), 10, 8, 'Y', 0);

INSERT INTO BOARD (BOARD_NO, TAB_NO, LICENSE_NO, MEMBER_NO, BOARD_TITLE, BOARD_CONTENT, BOARD_DATE, LIKE_COUNT, HATE_COUNT, STATUS, VIEW_COUNT) 
VALUES (315, 3, 3, 25, '안녕하세요~~~ 315', '반갑습니다~~ 315', to_date('11/19/2024', 'MM/DD/RRRR'), 26, 5, 'Y', 0);

INSERT INTO STUDY (STUDY_NO, MANAGER_NO, STUDY_NAME, STUDY_IMG, STUDY_INFO, STUDY_RECRUIT) 
VALUES (1, 2,'스터디그룹1','/resources/static/img/studyProfile/profileTest.webp', '여긴 기사 스터디그룹1', 'Y');

INSERT INTO STUDY (STUDY_NO, MANAGER_NO, STUDY_NAME, STUDY_INFO, STUDY_RECRUIT) 
VALUES (2, 3,'스터디그룹2', '난 너를 믿었던만큼 난 내 친구도 믿었기에
난 아무런 부담없이 널 내 친구에게 소개시켜 줬고
그런 만남이 있은 후부터 우리는 자주 함께 만나며
즐거운 시간을 보내며 함께 어울렸던 것뿐인데
그런 만남이 어디부터 잘못됐는지
난 알 수 없는 예감에 조금씩 빠져들고 있을때쯤
넌 나보다 내 친구에게 관심을 더 보이며
날 조금씩 멀리하던
그 어느 날 너와 내가 심하게 다툰 그 날 이후로
너와 내 친구는 연락도 없고 날 피하는 것 같아
그제서야 난 느낀거야 모든 것이 잘못돼 있는걸
너와 내 친구는 어느새 다정한 연인이 돼 있었지
있을 수 없는 일이라며 난 울었어
내 사랑과 우정을 모두 버려야 했기에
또 다른 내 친구는 내 어깰 두드리며
잊어버리라 했지만 잊지 못할 것 같아
너를 사랑했던 것만큼 난 내 친구도 믿었기에
난 자연스럽게 너와 함께 어울렸던 것뿐인데
어디서부터 우리의 믿음이 깨지기 시작했는지
난 알지도 못한 채 어색함을 느끼면서
그렇게 함께 만나온 시간이 길어지면 질수록
넌 내게서 더 조금씩 멀어지는 것을 느끼며
난 예감을 했었지 넌 나보다 내 친구에게
관심이 더 있었다는 걸
그 어느 날 너와 내가 심하게 다툰 그 날 이후로
너와 내 친구는 연락도 없고 날 피하는 것같아
그제서야 난 느낀거야 모든 것이 잘못돼 있는걸
너와 내 친구는 어느새 다정한 연인이 돼 있었지
있을 수 없는 일이라며 난 울었어
내 사랑과 우정을 모두 버려야 했기에
또 다른 내 친구는 내 어깰 두드리며
잊어버리라 했지만 잊지 못할 것 같아', 'Y');

INSERT INTO STUDY (STUDY_NO, MANAGER_NO, STUDY_NAME, STUDY_INFO, STUDY_RECRUIT) 
VALUES (3, 4,'스터디그룹3', '여긴 기사 스터디그룹3', 'Y');

INSERT INTO STUDY (STUDY_NO, MANAGER_NO, STUDY_NAME, STUDY_IMG, STUDY_INFO, STUDY_RECRUIT) 
VALUES (4, 5,'스터디그룹4', '/resources/static/img/studyProfile/profileTest.webp', '여긴 기사 스터디그룹4', 'Y');

INSERT INTO STUDY (STUDY_NO, MANAGER_NO, STUDY_NAME, STUDY_INFO, STUDY_RECRUIT) 
VALUES (5, 6,'스터디그룹5', '여긴 기사 스터디그룹5', 'Y');

INSERT INTO STUDY (STUDY_NO, MANAGER_NO, STUDY_NAME, STUDY_INFO, STUDY_RECRUIT) 
VALUES (6, 7,'스터디그룹6', '여긴 기사 스터디그룹6', 'Y');

INSERT INTO STUDY (STUDY_NO, MANAGER_NO, STUDY_NAME, STUDY_INFO, STUDY_RECRUIT) 
VALUES (7, 8,'스터디그룹7', '여긴 기사 스터디그룹7', 'Y');

INSERT INTO STUDY (STUDY_NO, MANAGER_NO, STUDY_NAME, STUDY_INFO, STUDY_RECRUIT) 
VALUES (8, 9,'스터디그룹8', '여긴 기사 스터디그룹8', 'Y');

INSERT INTO STUDY (STUDY_NO, MANAGER_NO, STUDY_NAME, STUDY_INFO, STUDY_RECRUIT) 
VALUES (9, 10,'스터디그룹9', '여긴 기사 스터디그룹9', 'Y');

INSERT INTO STUDY (STUDY_NO, MANAGER_NO, STUDY_NAME, STUDY_INFO, STUDY_RECRUIT) 
VALUES (10, 11,'스터디그룹10', '여긴 기사 스터디그룹10', 'Y');

INSERT INTO STUDY (STUDY_NO, MANAGER_NO, STUDY_NAME, STUDY_INFO, STUDY_RECRUIT) 
VALUES (11, 12,'스터디그룹11', '여긴 기사 스터디그룹11', 'N');

INSERT INTO STUDY (STUDY_NO, MANAGER_NO, STUDY_NAME, STUDY_INFO, STUDY_RECRUIT) 
VALUES (12, 13,'스터디그룹12', '여긴 기사 스터디그룹12', 'N');

INSERT INTO STUDY_MEMBER (MEMBER_NO, STUDY_NO, CONFIRM_DATE) 
VALUES (2, 1, to_date('11/05/2024', 'MM/DD/RRRR'));

INSERT INTO STUDY_MEMBER (MEMBER_NO, STUDY_NO, CONFIRM_DATE) 
VALUES (3, 1, to_date('11/05/2024', 'MM/DD/RRRR'));

INSERT INTO STUDY_MEMBER (MEMBER_NO, STUDY_NO, CONFIRM_DATE) 
VALUES (4, 1, to_date('11/05/2024', 'MM/DD/RRRR'));

INSERT INTO STUDY_MEMBER (MEMBER_NO, STUDY_NO, CONFIRM_DATE) 
VALUES (5, 1, to_date('11/05/2024', 'MM/DD/RRRR'));

INSERT INTO STUDY_MEMBER (MEMBER_NO, STUDY_NO, CONFIRM_DATE) 
VALUES (6, 1, to_date('11/05/2024', 'MM/DD/RRRR'));

INSERT INTO STUDY_MEMBER (MEMBER_NO, STUDY_NO, CONFIRM_DATE) 
VALUES (7, 1, to_date('11/05/2024', 'MM/DD/RRRR'));

INSERT INTO STUDY_MEMBER (MEMBER_NO, STUDY_NO, CONFIRM_DATE) 
VALUES (8, 1, to_date('11/05/2024', 'MM/DD/RRRR'));

INSERT INTO STUDY_MEMBER (MEMBER_NO, STUDY_NO, CONFIRM_DATE) 
VALUES (9, 1, to_date('11/05/2024', 'MM/DD/RRRR'));

INSERT INTO STUDY_MEMBER (MEMBER_NO, STUDY_NO, CONFIRM_DATE) 
VALUES (10, 1, to_date('11/05/2024', 'MM/DD/RRRR'));

INSERT INTO STUDY_MEMBER (MEMBER_NO, STUDY_NO, CONFIRM_DATE) 
VALUES (11, 1, to_date('11/05/2024', 'MM/DD/RRRR'));

INSERT INTO STUDY_MEMBER (MEMBER_NO, STUDY_NO, CONFIRM_DATE) 
VALUES (12, 1, to_date('11/05/2024', 'MM/DD/RRRR'));

INSERT INTO STUDY_MEMBER (MEMBER_NO, STUDY_NO, CONFIRM_DATE) 
VALUES (13, 2, to_date('11/04/2024', 'MM/DD/RRRR'));

INSERT INTO STUDY_MEMBER (MEMBER_NO, STUDY_NO, CONFIRM_DATE) 
VALUES (14, 2, to_date('11/04/2024', 'MM/DD/RRRR'));

INSERT INTO STUDY_MEMBER (MEMBER_NO, STUDY_NO, CONFIRM_DATE) 
VALUES (15, 2, to_date('11/04/2024', 'MM/DD/RRRR'));

INSERT INTO STUDY_MEMBER (MEMBER_NO, STUDY_NO, CONFIRM_DATE) 
VALUES (16, 2, to_date('11/04/2024', 'MM/DD/RRRR'));

INSERT INTO STUDY_MEMBER (MEMBER_NO, STUDY_NO, CONFIRM_DATE) 
VALUES (17, 2, to_date('11/04/2024', 'MM/DD/RRRR'));

INSERT INTO STUDY_MEMBER (MEMBER_NO, STUDY_NO, CONFIRM_DATE) 
VALUES (18, 2, to_date('11/04/2024', 'MM/DD/RRRR'));

INSERT INTO STUDY_MEMBER (MEMBER_NO, STUDY_NO, CONFIRM_DATE) 
VALUES (19, 2, to_date('11/04/2024', 'MM/DD/RRRR'));

INSERT INTO STUDY_MEMBER (MEMBER_NO, STUDY_NO, CONFIRM_DATE) 
VALUES (20, 2, to_date('11/04/2024', 'MM/DD/RRRR'));

INSERT INTO STUDY_MEMBER (MEMBER_NO, STUDY_NO, CONFIRM_DATE) 
VALUES (21, 2, to_date('11/04/2024', 'MM/DD/RRRR'));

INSERT INTO STUDY_MEMBER (MEMBER_NO, STUDY_NO, CONFIRM_DATE) 
VALUES (22, 2, to_date('11/04/2024', 'MM/DD/RRRR'));

INSERT INTO STUDY_MEMBER (MEMBER_NO, STUDY_NO, CONFIRM_DATE) 
VALUES (23, 2, to_date('11/04/2024', 'MM/DD/RRRR'));

INSERT INTO STUDY_MEMBER (MEMBER_NO, STUDY_NO, CONFIRM_DATE) 
VALUES (24, 2, to_date('11/04/2024', 'MM/DD/RRRR'));

INSERT INTO STUDY_MEMBER (MEMBER_NO, STUDY_NO, CONFIRM_DATE) 
VALUES (25, 2, to_date('11/04/2024', 'MM/DD/RRRR'));

INSERT INTO STUDY_MEMBER (MEMBER_NO, STUDY_NO, CONFIRM_DATE) 
VALUES (26, 2, to_date('11/04/2024', 'MM/DD/RRRR'));

INSERT INTO STUDY_MEMBER (MEMBER_NO, STUDY_NO, CONFIRM_DATE) 
VALUES (27, 2, to_date('11/04/2024', 'MM/DD/RRRR'));

INSERT INTO STUDY_MEMBER (MEMBER_NO, STUDY_NO, CONFIRM_DATE) 
VALUES (28, 2, to_date('11/04/2024', 'MM/DD/RRRR'));

INSERT INTO STUDY_MEMBER (MEMBER_NO, STUDY_NO, CONFIRM_DATE) 
VALUES (29, 2, to_date('11/04/2024', 'MM/DD/RRRR'));

INSERT INTO STUDY_MEMBER (MEMBER_NO, STUDY_NO, CONFIRM_DATE) 
VALUES (30, 2, to_date('11/04/2024', 'MM/DD/RRRR'));

INSERT INTO STUDY_MEMBER (MEMBER_NO, STUDY_NO, CONFIRM_DATE) 
VALUES (31, 2, to_date('11/04/2024', 'MM/DD/RRRR'));

INSERT INTO STUDY_MEMBER (MEMBER_NO, STUDY_NO, CONFIRM_DATE) 
VALUES (32, 2, to_date('11/04/2024', 'MM/DD/RRRR'));

INSERT INTO STUDY_MEMBER (MEMBER_NO, STUDY_NO, CONFIRM_DATE) 
VALUES (33, 2, to_date('11/04/2024', 'MM/DD/RRRR'));

INSERT INTO STUDY_MEMBER (MEMBER_NO, STUDY_NO, CONFIRM_DATE) 
VALUES (34, 2, to_date('11/04/2024', 'MM/DD/RRRR'));

INSERT INTO STUDY_MEMBER (MEMBER_NO, STUDY_NO, CONFIRM_DATE) 
VALUES (4, 3, to_date('11/03/2024', 'MM/DD/RRRR'));

INSERT INTO STUDY_MEMBER (MEMBER_NO, STUDY_NO, CONFIRM_DATE) 
VALUES (5, 4, to_date('11/02/2024', 'MM/DD/RRRR'));

INSERT INTO STUDY_MEMBER (MEMBER_NO, STUDY_NO, CONFIRM_DATE) 
VALUES (6, 5, to_date('11/01/2024', 'MM/DD/RRRR'));

INSERT INTO STUDY_MEMBER (MEMBER_NO, STUDY_NO, CONFIRM_DATE) 
VALUES (7, 6, to_date('10/31/2024', 'MM/DD/RRRR'));

INSERT INTO STUDY_MEMBER (MEMBER_NO, STUDY_NO, CONFIRM_DATE) 
VALUES (15, 6, to_date('10/31/2024', 'MM/DD/RRRR'));

INSERT INTO STUDY_MEMBER (MEMBER_NO, STUDY_NO, CONFIRM_DATE) 
VALUES (16, 6, to_date('10/31/2024', 'MM/DD/RRRR'));

INSERT INTO STUDY_MEMBER (MEMBER_NO, STUDY_NO, CONFIRM_DATE) 
VALUES (8, 7, to_date('10/30/2024', 'MM/DD/RRRR'));

INSERT INTO STUDY_MEMBER (MEMBER_NO, STUDY_NO, CONFIRM_DATE) 
VALUES (9, 8, to_date('10/29/2024', 'MM/DD/RRRR'));

INSERT INTO STUDY_MEMBER (MEMBER_NO, STUDY_NO, CONFIRM_DATE) 
VALUES (10, 9, to_date('10/28/2024', 'MM/DD/RRRR'));

INSERT INTO STUDY_MEMBER (MEMBER_NO, STUDY_NO, CONFIRM_DATE) 
VALUES (11, 10, to_date('10/27/2024', 'MM/DD/RRRR'));

INSERT INTO STUDY_MEMBER (MEMBER_NO, STUDY_NO, CONFIRM_DATE) 
VALUES (12, 11, to_date('10/26/2024', 'MM/DD/RRRR'));

INSERT INTO STUDY_MEMBER (MEMBER_NO, STUDY_NO, CONFIRM_DATE) 
VALUES (13, 12, to_date('10/25/2024', 'MM/DD/RRRR'));

INSERT INTO STUDY_MEMBER (MEMBER_NO, STUDY_NO, CONFIRM_DATE) 
VALUES (14, 12, to_date('10/25/2024', 'MM/DD/RRRR'));

INSERT INTO STUDY_BOARD (STUDY_BOARD_NO, STUDY_NO, STUDY_BOARD_TITLE, STUDY_BOARD_CONTENT, VIEW_COUNT, STUDY_BOARD_DATE) 
VALUES (1, 1, '스터디그룹 1에서 사람 모집중!!!', '열심히 공부해봐요~~ 1', 0, to_date('11/05/2024', 'MM/DD/RRRR'));

INSERT INTO STUDY_BOARD (STUDY_BOARD_NO, STUDY_NO, STUDY_BOARD_TITLE, STUDY_BOARD_CONTENT, VIEW_COUNT, STUDY_BOARD_DATE) 
VALUES (2, 2, '스터디그룹 2에서 사람 모집중!!!', '열심히 공부해봐요~~ 2', 0, to_date('11/04/2024', 'MM/DD/RRRR'));

INSERT INTO STUDY_BOARD (STUDY_BOARD_NO, STUDY_NO, STUDY_BOARD_TITLE, STUDY_BOARD_CONTENT, VIEW_COUNT, STUDY_BOARD_DATE) 
VALUES (3, 3, '스터디그룹 3에서 사람 모집중!!!', '열심히 공부해봐요~~ 3', 0, to_date('11/03/2024', 'MM/DD/RRRR'));

INSERT INTO STUDY_BOARD (STUDY_BOARD_NO, STUDY_NO, STUDY_BOARD_TITLE, STUDY_BOARD_CONTENT, VIEW_COUNT, STUDY_BOARD_DATE) 
VALUES (4, 4, '스터디그룹 4에서 사람 모집중!!!', '열심히 공부해봐요~~ 4', 0, to_date('11/02/2024', 'MM/DD/RRRR'));

INSERT INTO STUDY_BOARD (STUDY_BOARD_NO, STUDY_NO, STUDY_BOARD_TITLE, STUDY_BOARD_CONTENT, VIEW_COUNT, STUDY_BOARD_DATE) 
VALUES (5, 5, '스터디그룹 5에서 사람 모집중!!!', '열심히 공부해봐요~~ 5', 0, to_date('11/01/2024', 'MM/DD/RRRR'));

INSERT INTO STUDY_BOARD (STUDY_BOARD_NO, STUDY_NO, STUDY_BOARD_TITLE, STUDY_BOARD_CONTENT, VIEW_COUNT, STUDY_BOARD_DATE) 
VALUES (6, 6, '스터디그룹 6에서 사람 모집중!!!', '열심히 공부해봐요~~ 6', 0, to_date('10/31/2024', 'MM/DD/RRRR'));

INSERT INTO STUDY_BOARD (STUDY_BOARD_NO, STUDY_NO, STUDY_BOARD_TITLE, STUDY_BOARD_CONTENT, VIEW_COUNT, STUDY_BOARD_DATE) 
VALUES (7, 7, '스터디그룹 7에서 사람 모집중!!!', '열심히 공부해봐요~~ 7', 0, to_date('10/30/2024', 'MM/DD/RRRR'));

INSERT INTO STUDY_BOARD (STUDY_BOARD_NO, STUDY_NO, STUDY_BOARD_TITLE, STUDY_BOARD_CONTENT, VIEW_COUNT, STUDY_BOARD_DATE) 
VALUES (8, 8, '스터디그룹 8에서 사람 모집중!!!', '열심히 공부해봐요~~ 8', 0, to_date('10/29/2024', 'MM/DD/RRRR'));

INSERT INTO STUDY_BOARD (STUDY_BOARD_NO, STUDY_NO, STUDY_BOARD_TITLE, STUDY_BOARD_CONTENT, VIEW_COUNT, STUDY_BOARD_DATE) 
VALUES (9, 9, '스터디그룹 9에서 사람 모집중!!!', '열심히 공부해봐요~~ 9', 0, to_date('10/28/2024', 'MM/DD/RRRR'));

INSERT INTO STUDY_BOARD (STUDY_BOARD_NO, STUDY_NO, STUDY_BOARD_TITLE, STUDY_BOARD_CONTENT, VIEW_COUNT, STUDY_BOARD_DATE) 
VALUES (10, 10, '스터디그룹 10에서 사람 모집중!!!', '열심히 공부해봐요~~ 10', 0, to_date('10/27/2024', 'MM/DD/RRRR'));

INSERT INTO STUDY_BOARD (STUDY_BOARD_NO, STUDY_NO, STUDY_BOARD_TITLE, STUDY_BOARD_CONTENT, VIEW_COUNT, STUDY_BOARD_DATE) 
VALUES (11, 11, '스터디그룹 11에서 사람 모집중!!!', '열심히 공부해봐요~~ 11', 0, to_date('10/26/2024', 'MM/DD/RRRR'));

INSERT INTO STUDY_BOARD (STUDY_BOARD_NO, STUDY_NO, STUDY_BOARD_TITLE, STUDY_BOARD_CONTENT, VIEW_COUNT, STUDY_BOARD_DATE) 
VALUES (12, 12, '스터디그룹 12에서 사람 모집중!!!', '열심히 공부해봐요~~ 12', 0, to_date('10/25/2024', 'MM/DD/RRRR'));

INSERT INTO STUDY_BOARD (STUDY_BOARD_NO, STUDY_NO, STUDY_BOARD_TITLE, STUDY_BOARD_CONTENT, VIEW_COUNT, STUDY_BOARD_DATE) 
VALUES (13, 12, '스터디그룹 12에서 사람 모집중2!!!', '열심히 공부해봐요~~ 12', 0, to_date('10/23/2024', 'MM/DD/RRRR'));

INSERT INTO STUDY_BOARD (STUDY_BOARD_NO, STUDY_NO, STUDY_BOARD_TITLE, STUDY_BOARD_CONTENT, VIEW_COUNT, STUDY_BOARD_DATE) 
VALUES (14, 12, '스터디그룹 12에서 사람 모집중3!!!', '열심히 공부해봐요~~ 13', 0, to_date('10/22/2024', 'MM/DD/RRRR'));

INSERT INTO STUDY_BOARD (STUDY_BOARD_NO, STUDY_NO, STUDY_BOARD_TITLE, STUDY_BOARD_CONTENT, VIEW_COUNT, STUDY_BOARD_DATE) 
VALUES (15, 12, '스터디그룹 12에서 사람 모집중4!!!', '열심히 공부해봐요~~ 14', 0, to_date('10/21/2024', 'MM/DD/RRRR'));

INSERT INTO STUDY_BOARD (STUDY_BOARD_NO, STUDY_NO, STUDY_BOARD_TITLE, STUDY_BOARD_CONTENT, VIEW_COUNT, STUDY_BOARD_DATE) 
VALUES (16, 12, '스터디그룹 12에서 사람 모집중5!!!', '열심히 공부해봐요~~ 15', 0, to_date('10/20/2024', 'MM/DD/RRRR'));

INSERT INTO STUDY_BOARD (STUDY_BOARD_NO, STUDY_NO, STUDY_BOARD_TITLE, STUDY_BOARD_CONTENT, VIEW_COUNT, STUDY_BOARD_DATE) 
VALUES (17, 12, '스터디그룹 12에서 사람 모집중6!!!', '열심히 공부해봐요~~ 16', 0, to_date('10/19/2024', 'MM/DD/RRRR'));

INSERT INTO STUDY_BOARD (STUDY_BOARD_NO, STUDY_NO, STUDY_BOARD_TITLE, STUDY_BOARD_CONTENT, VIEW_COUNT, STUDY_BOARD_DATE) 
VALUES (18, 12, '스터디그룹 12에서 사람 모집중7!!!', '열심히 공부해봐요~~ 17', 0, to_date('10/18/2024', 'MM/DD/RRRR'));

INSERT INTO STUDY_BOARD (STUDY_BOARD_NO, STUDY_NO, STUDY_BOARD_TITLE, STUDY_BOARD_CONTENT, VIEW_COUNT, STUDY_BOARD_DATE) 
VALUES (19, 12, '스터디그룹 12에서 사람 모집중8!!!', '열심히 공부해봐요~~ 18', 0, to_date('10/17/2024', 'MM/DD/RRRR'));

INSERT INTO STUDY_BOARD (STUDY_BOARD_NO, STUDY_NO, STUDY_BOARD_TITLE, STUDY_BOARD_CONTENT, VIEW_COUNT, STUDY_BOARD_DATE) 
VALUES (20, 12, '스터디그룹 12에서 사람 모집중9!!!', '열심히 공부해봐요~~ 19', 0, to_date('10/16/2024', 'MM/DD/RRRR'));

INSERT INTO STUDY_BOARD (STUDY_BOARD_NO, STUDY_NO, STUDY_BOARD_TITLE, STUDY_BOARD_CONTENT, VIEW_COUNT, STUDY_BOARD_DATE) 
VALUES (21, 12, '스터디그룹 12에서 사람 모집중10!!!', '열심히 공부해봐요~~ 20', 0, to_date('10/15/2024', 'MM/DD/RRRR'));

INSERT INTO STUDY_BOARD (STUDY_BOARD_NO, STUDY_NO, STUDY_BOARD_TITLE, STUDY_BOARD_CONTENT, VIEW_COUNT, STUDY_BOARD_DATE) 
VALUES (22, 12, '스터디그룹 12에서 사람 모집중11!!!', '열심히 공부해봐요~~ 21', 0, to_date('10/14/2024', 'MM/DD/RRRR'));

INSERT INTO STUDY_BOARD (STUDY_BOARD_NO, STUDY_NO, STUDY_BOARD_TITLE, STUDY_BOARD_CONTENT, VIEW_COUNT, STUDY_BOARD_DATE) 
VALUES (23, 12, '스터디그룹 12에서 사람 모집중12!!!', '열심히 공부해봐요~~ 22', 0, to_date('10/13/2024', 'MM/DD/RRRR'));

INSERT INTO STUDY_BOARD (STUDY_BOARD_NO, STUDY_NO, STUDY_BOARD_TITLE, STUDY_BOARD_CONTENT, VIEW_COUNT, STUDY_BOARD_DATE) 
VALUES (24, 12, '스터디그룹 12에서 사람 모집중13!!!', '열심히 공부해봐요~~ 23', 0, to_date('10/12/2024', 'MM/DD/RRRR'));

INSERT INTO STUDY_BOARD (STUDY_BOARD_NO, STUDY_NO, STUDY_BOARD_TITLE, STUDY_BOARD_CONTENT, VIEW_COUNT, STUDY_BOARD_DATE) 
VALUES (25, 12, '스터디그룹 12에서 사람 모집중14!!!', '열심히 공부해봐요~~ 24', 0, to_date('10/11/2024', 'MM/DD/RRRR'));

INSERT INTO STUDY_BOARD (STUDY_BOARD_NO, STUDY_NO, STUDY_BOARD_TITLE, STUDY_BOARD_CONTENT, VIEW_COUNT, STUDY_BOARD_DATE) 
VALUES (26, 12, '스터디그룹 12에서 사람 모집중15!!!', '열심히 공부해봐요~~ 25', 0, to_date('10/10/2024', 'MM/DD/RRRR'));

INSERT INTO STUDY_BOARD (STUDY_BOARD_NO, STUDY_NO, STUDY_BOARD_TITLE, STUDY_BOARD_CONTENT, VIEW_COUNT, STUDY_BOARD_DATE) 
VALUES (27, 12, '스터디그룹 12에서 사람 모집중16!!!', '열심히 공부해봐요~~ 26', 0, to_date('10/09/2024', 'MM/DD/RRRR'));

INSERT INTO STUDY_BOARD (STUDY_BOARD_NO, STUDY_NO, STUDY_BOARD_TITLE, STUDY_BOARD_CONTENT, VIEW_COUNT, STUDY_BOARD_DATE) 
VALUES (28, 12, '스터디그룹 12에서 사람 모집중17!!!', '열심히 공부해봐요~~ 27', 0, to_date('10/08/2024', 'MM/DD/RRRR'));

INSERT INTO STUDY_BOARD (STUDY_BOARD_NO, STUDY_NO, STUDY_BOARD_TITLE, STUDY_BOARD_CONTENT, VIEW_COUNT, STUDY_BOARD_DATE) 
VALUES (29, 12, '스터디그룹 12에서 사람 모집중18!!!', '열심히 공부해봐요~~ 28', 0, to_date('10/07/2024', 'MM/DD/RRRR'));

INSERT INTO STUDY_BOARD (STUDY_BOARD_NO, STUDY_NO, STUDY_BOARD_TITLE, STUDY_BOARD_CONTENT, VIEW_COUNT, STUDY_BOARD_DATE) 
VALUES (30, 12, '스터디그룹 12에서 사람 모집중19!!!', '열심히 공부해봐요~~ 29', 0, to_date('10/06/2024', 'MM/DD/RRRR'));

INSERT INTO STUDY_BOARD (STUDY_BOARD_NO, STUDY_NO, STUDY_BOARD_TITLE, STUDY_BOARD_CONTENT, VIEW_COUNT, STUDY_BOARD_DATE) 
VALUES (31, 12, '스터디그룹 12에서 사람 모집중20!!!', '열심히 공부해봐요~~ 30', 0, to_date('10/05/2024', 'MM/DD/RRRR'));

INSERT INTO STUDY_BOARD (STUDY_BOARD_NO, STUDY_NO, STUDY_BOARD_TITLE, STUDY_BOARD_CONTENT, VIEW_COUNT, STUDY_BOARD_DATE) 
VALUES (32, 12, '스터디그룹 12에서 사람 모집중21!!!', '열심히 공부해봐요~~ 31', 0, to_date('10/04/2024', 'MM/DD/RRRR'));

INSERT INTO STUDY_BOARD (STUDY_BOARD_NO, STUDY_NO, STUDY_BOARD_TITLE, STUDY_BOARD_CONTENT, VIEW_COUNT, STUDY_BOARD_DATE) 
VALUES (33, 12, '스터디그룹 12에서 사람 모집중22!!!', '열심히 공부해봐요~~ 32', 0, to_date('10/03/2024', 'MM/DD/RRRR'));

INSERT INTO STUDY_BOARD (STUDY_BOARD_NO, STUDY_NO, STUDY_BOARD_TITLE, STUDY_BOARD_CONTENT, VIEW_COUNT, STUDY_BOARD_DATE) 
VALUES (34, 12, '스터디그룹 12에서 사람 모집중23!!!', '열심히 공부해봐요~~ 33', 0, to_date('10/02/2024', 'MM/DD/RRRR'));

INSERT INTO STUDY_BOARD (STUDY_BOARD_NO, STUDY_NO, STUDY_BOARD_TITLE, STUDY_BOARD_CONTENT, VIEW_COUNT, STUDY_BOARD_DATE) 
VALUES (35, 12, '스터디그룹 12에서 사람 모집중24!!!', '열심히 공부해봐요~~ 34', 0, to_date('10/01/2024', 'MM/DD/RRRR'));

INSERT INTO STUDY_BOARD (STUDY_BOARD_NO, STUDY_NO, STUDY_BOARD_TITLE, STUDY_BOARD_CONTENT, VIEW_COUNT, STUDY_BOARD_DATE) 
VALUES (36, 12, '스터디그룹 12에서 사람 모집중25!!!', '열심히 공부해봐요~~ 35', 0, to_date('09/30/2024', 'MM/DD/RRRR'));

INSERT INTO STUDY_BOARD (STUDY_BOARD_NO, STUDY_NO, STUDY_BOARD_TITLE, STUDY_BOARD_CONTENT, VIEW_COUNT, STUDY_BOARD_DATE) 
VALUES (37, 12, '스터디그룹 12에서 사람 모집중26!!!', '열심히 공부해봐요~~ 36', 0, to_date('09/29/2024', 'MM/DD/RRRR'));

INSERT INTO STUDY_BOARD (STUDY_BOARD_NO, STUDY_NO, STUDY_BOARD_TITLE, STUDY_BOARD_CONTENT, VIEW_COUNT, STUDY_BOARD_DATE) 
VALUES (38, 12, '스터디그룹 12에서 사람 모집중27!!!', '열심히 공부해봐요~~ 37', 0, to_date('09/28/2024', 'MM/DD/RRRR'));

INSERT INTO STUDY_BOARD (STUDY_BOARD_NO, STUDY_NO, STUDY_BOARD_TITLE, STUDY_BOARD_CONTENT, VIEW_COUNT, STUDY_BOARD_DATE) 
VALUES (39, 12, '스터디그룹 12에서 사람 모집중28!!!', '열심히 공부해봐요~~ 38', 0, to_date('09/27/2024', 'MM/DD/RRRR'));

INSERT INTO STUDY_BOARD (STUDY_BOARD_NO, STUDY_NO, STUDY_BOARD_TITLE, STUDY_BOARD_CONTENT, VIEW_COUNT, STUDY_BOARD_DATE) 
VALUES (40, 12, '스터디그룹 12에서 사람 모집중29!!!', '열심히 공부해봐요~~ 39', 0, to_date('09/26/2024', 'MM/DD/RRRR'));

INSERT INTO STUDY_BOARD (STUDY_BOARD_NO, STUDY_NO, STUDY_BOARD_TITLE, STUDY_BOARD_CONTENT, VIEW_COUNT, STUDY_BOARD_DATE) 
VALUES (41, 12, '스터디그룹 12에서 사람 모집중30!!!', '열심히 공부해봐요~~ 40', 0, to_date('09/25/2024', 'MM/DD/RRRR'));

INSERT INTO STUDY_BOARD (STUDY_BOARD_NO, STUDY_NO, STUDY_BOARD_TITLE, STUDY_BOARD_CONTENT, VIEW_COUNT, STUDY_BOARD_DATE) 
VALUES (42, 12, '스터디그룹 12에서 사람 모집중31!!!', '열심히 공부해봐요~~ 41', 0, to_date('09/24/2024', 'MM/DD/RRRR'));

INSERT INTO STUDY_BOARD (STUDY_BOARD_NO, STUDY_NO, STUDY_BOARD_TITLE, STUDY_BOARD_CONTENT, VIEW_COUNT, STUDY_BOARD_DATE) 
VALUES (43, 12, '스터디그룹 12에서 사람 모집중32!!!', '열심히 공부해봐요~~ 42', 0, to_date('09/23/2024', 'MM/DD/RRRR'));

INSERT INTO STUDY_BOARD (STUDY_BOARD_NO, STUDY_NO, STUDY_BOARD_TITLE, STUDY_BOARD_CONTENT, VIEW_COUNT, STUDY_BOARD_DATE) 
VALUES (44, 12, '스터디그룹 12에서 사람 모집중33!!!', '열심히 공부해봐요~~ 43', 0, to_date('09/22/2024', 'MM/DD/RRRR'));

INSERT INTO STUDY_BOARD (STUDY_BOARD_NO, STUDY_NO, STUDY_BOARD_TITLE, STUDY_BOARD_CONTENT, VIEW_COUNT, STUDY_BOARD_DATE) 
VALUES (45, 12, '스터디그룹 12에서 사람 모집중34!!!', '열심히 공부해봐요~~ 44', 0, to_date('09/21/2024', 'MM/DD/RRRR'));

INSERT INTO STUDY_BOARD (STUDY_BOARD_NO, STUDY_NO, STUDY_BOARD_TITLE, STUDY_BOARD_CONTENT, VIEW_COUNT, STUDY_BOARD_DATE) 
VALUES (46, 12, '스터디그룹 12에서 사람 모집중35!!!', '열심히 공부해봐요~~ 45', 0, to_date('09/20/2024', 'MM/DD/RRRR'));

INSERT INTO STUDY_BOARD (STUDY_BOARD_NO, STUDY_NO, STUDY_BOARD_TITLE, STUDY_BOARD_CONTENT, VIEW_COUNT, STUDY_BOARD_DATE) 
VALUES (47, 12, '스터디그룹 12에서 사람 모집중36!!!', '열심히 공부해봐요~~ 46', 0, to_date('09/19/2024', 'MM/DD/RRRR'));

INSERT INTO STUDY_BOARD (STUDY_BOARD_NO, STUDY_NO, STUDY_BOARD_TITLE, STUDY_BOARD_CONTENT, VIEW_COUNT, STUDY_BOARD_DATE) 
VALUES (48, 12, '스터디그룹 12에서 사람 모집중37!!!', '열심히 공부해봐요~~ 47', 0, to_date('09/18/2024', 'MM/DD/RRRR'));

INSERT INTO STUDY_BOARD (STUDY_BOARD_NO, STUDY_NO, STUDY_BOARD_TITLE, STUDY_BOARD_CONTENT, VIEW_COUNT, STUDY_BOARD_DATE) 
VALUES (49, 12, '스터디그룹 12에서 사람 모집중38!!!', '열심히 공부해봐요~~ 48', 0, to_date('09/17/2024', 'MM/DD/RRRR'));

INSERT INTO STUDY_BOARD (STUDY_BOARD_NO, STUDY_NO, STUDY_BOARD_TITLE, STUDY_BOARD_CONTENT, VIEW_COUNT, STUDY_BOARD_DATE) 
VALUES (50, 12, '스터디그룹 12에서 사람 모집중39!!!', '열심히 공부해봐요~~ 49', 0, to_date('09/16/2024', 'MM/DD/RRRR'));

INSERT INTO STUDY_BOARD (STUDY_BOARD_NO, STUDY_NO, STUDY_BOARD_TITLE, STUDY_BOARD_CONTENT, VIEW_COUNT, STUDY_BOARD_DATE) 
VALUES (51, 12, '스터디그룹 12에서 사람 모집중40!!!', '열심히 공부해봐요~~ 50', 0, to_date('09/15/2024', 'MM/DD/RRRR'));

INSERT INTO STUDY_BOARD (STUDY_BOARD_NO, STUDY_NO, STUDY_BOARD_TITLE, STUDY_BOARD_CONTENT, VIEW_COUNT, STUDY_BOARD_DATE) 
VALUES (52, 12, '스터디그룹 12에서 사람 모집중41!!!', '열심히 공부해봐요~~ 51', 0, to_date('09/14/2024', 'MM/DD/RRRR'));

INSERT INTO STUDY_BOARD (STUDY_BOARD_NO, STUDY_NO, STUDY_BOARD_TITLE, STUDY_BOARD_CONTENT, VIEW_COUNT, STUDY_BOARD_DATE) 
VALUES (53, 12, '스터디그룹 12에서 사람 모집중42!!!', '열심히 공부해봐요~~ 52', 0, to_date('09/13/2024', 'MM/DD/RRRR'));

INSERT INTO STUDY_BOARD (STUDY_BOARD_NO, STUDY_NO, STUDY_BOARD_TITLE, STUDY_BOARD_CONTENT, VIEW_COUNT, STUDY_BOARD_DATE) 
VALUES (54, 12, '스터디그룹 12에서 사람 모집중43!!!', '열심히 공부해봐요~~ 53', 0, to_date('09/12/2024', 'MM/DD/RRRR'));

INSERT INTO STUDY_BOARD (STUDY_BOARD_NO, STUDY_NO, STUDY_BOARD_TITLE, STUDY_BOARD_CONTENT, VIEW_COUNT, STUDY_BOARD_DATE) 
VALUES (55, 12, '스터디그룹 12에서 사람 모집중44!!!', '열심히 공부해봐요~~ 54', 0, to_date('09/11/2024', 'MM/DD/RRRR'));

INSERT INTO STUDY_BOARD (STUDY_BOARD_NO, STUDY_NO, STUDY_BOARD_TITLE, STUDY_BOARD_CONTENT, VIEW_COUNT, STUDY_BOARD_DATE) 
VALUES (56, 12, '스터디그룹 12에서 사람 모집중45!!!', '열심히 공부해봐요~~ 55', 0, to_date('09/10/2024', 'MM/DD/RRRR'));

INSERT INTO STUDY_BOARD (STUDY_BOARD_NO, STUDY_NO, STUDY_BOARD_TITLE, STUDY_BOARD_CONTENT, VIEW_COUNT, STUDY_BOARD_DATE) 
VALUES (57, 12, '스터디그룹 12에서 사람 모집중46!!!', '열심히 공부해봐요~~ 56', 0, to_date('09/09/2024', 'MM/DD/RRRR'));

INSERT INTO STUDY_BOARD (STUDY_BOARD_NO, STUDY_NO, STUDY_BOARD_TITLE, STUDY_BOARD_CONTENT, VIEW_COUNT, STUDY_BOARD_DATE) 
VALUES (58, 12, '스터디그룹 12에서 사람 모집중47!!!', '열심히 공부해봐요~~ 57', 0, to_date('09/08/2024', 'MM/DD/RRRR'));

INSERT INTO STUDY_BOARD (STUDY_BOARD_NO, STUDY_NO, STUDY_BOARD_TITLE, STUDY_BOARD_CONTENT, VIEW_COUNT, STUDY_BOARD_DATE) 
VALUES (59, 12, '스터디그룹 12에서 사람 모집중48!!!', '열심히 공부해봐요~~ 58', 0, to_date('09/07/2024', 'MM/DD/RRRR'));

INSERT INTO STUDY_BOARD (STUDY_BOARD_NO, STUDY_NO, STUDY_BOARD_TITLE, STUDY_BOARD_CONTENT, VIEW_COUNT, STUDY_BOARD_DATE) 
VALUES (60, 12, '스터디그룹 12에서 사람 모집중49!!!', '열심히 공부해봐요~~ 59', 0, to_date('09/06/2024', 'MM/DD/RRRR'));

INSERT INTO STUDY_BOARD (STUDY_BOARD_NO, STUDY_NO, STUDY_BOARD_TITLE, STUDY_BOARD_CONTENT, VIEW_COUNT, STUDY_BOARD_DATE) 
VALUES (61, 12, '스터디그룹 12에서 사람 모집중50!!!', '열심히 공부해봐요~~ 60', 0, to_date('09/05/2024', 'MM/DD/RRRR'));

INSERT INTO STUDY_BOARD (STUDY_BOARD_NO, STUDY_NO, STUDY_BOARD_TITLE, STUDY_BOARD_CONTENT, VIEW_COUNT, STUDY_BOARD_DATE) 
VALUES (62, 12, '스터디그룹 12에서 사람 모집중51!!!', '열심히 공부해봐요~~ 61', 0, to_date('09/04/2024', 'MM/DD/RRRR'));

INSERT INTO STUDY_BOARD (STUDY_BOARD_NO, STUDY_NO, STUDY_BOARD_TITLE, STUDY_BOARD_CONTENT, VIEW_COUNT, STUDY_BOARD_DATE) 
VALUES (63, 12, '스터디그룹 12에서 사람 모집중52!!!', '열심히 공부해봐요~~ 62', 0, to_date('09/03/2024', 'MM/DD/RRRR'));

INSERT INTO STUDY_BOARD (STUDY_BOARD_NO, STUDY_NO, STUDY_BOARD_TITLE, STUDY_BOARD_CONTENT, VIEW_COUNT, STUDY_BOARD_DATE) 
VALUES (64, 12, '스터디그룹 12에서 사람 모집중53!!!', '열심히 공부해봐요~~ 63', 0, to_date('09/02/2024', 'MM/DD/RRRR'));

INSERT INTO STUDY_BOARD (STUDY_BOARD_NO, STUDY_NO, STUDY_BOARD_TITLE, STUDY_BOARD_CONTENT, VIEW_COUNT, STUDY_BOARD_DATE) 
VALUES (65, 12, '스터디그룹 12에서 사람 모집중54!!!', '열심히 공부해봐요~~ 64', 0, to_date('09/01/2024', 'MM/DD/RRRR'));

INSERT INTO STUDY_BOARD (STUDY_BOARD_NO, STUDY_NO, STUDY_BOARD_TITLE, STUDY_BOARD_CONTENT, VIEW_COUNT, STUDY_BOARD_DATE) 
VALUES (66, 12, '스터디그룹 12에서 사람 모집중55!!!', '열심히 공부해봐요~~ 65', 0, to_date('08/31/2024', 'MM/DD/RRRR'));

INSERT INTO STUDY_BOARD (STUDY_BOARD_NO, STUDY_NO, STUDY_BOARD_TITLE, STUDY_BOARD_CONTENT, VIEW_COUNT, STUDY_BOARD_DATE) 
VALUES (67, 12, '스터디그룹 12에서 사람 모집중56!!!', '열심히 공부해봐요~~ 66', 0, to_date('08/30/2024', 'MM/DD/RRRR'));

INSERT INTO TALKROOM (TALKROOM_NO, MANAGER_NO, TALKROOM_TYPE) 
VALUES (1, 6, 1);

INSERT INTO MEMBER_TALKROOM (MEMBER_NO, TALKROOM_NO) 
VALUES (6, 1);

INSERT INTO MEMBER_TALKROOM (MEMBER_NO, TALKROOM_NO) 
VALUES (1, 1);

INSERT INTO MEMBER_LICENSE (LICENSE_NO, MEMBER_NO, CONFIRM_DATE, SYMBOL_LICENSE) 
VALUES (1, 6, to_date('11/11/2024', 'MM/DD/RRRR'), 'Y');

INSERT INTO MEMBER_LICENSE (LICENSE_NO, MEMBER_NO, CONFIRM_DATE, SYMBOL_LICENSE) 
VALUES (2, 7, to_date('11/10/2024', 'MM/DD/RRRR'), 'Y');

INSERT INTO MEMBER_LICENSE (LICENSE_NO, MEMBER_NO, CONFIRM_DATE, SYMBOL_LICENSE) 
VALUES (3, 8, to_date('11/09/2024', 'MM/DD/RRRR'), 'Y');

INSERT INTO MEMBER_LICENSE (LICENSE_NO, MEMBER_NO, CONFIRM_DATE, SYMBOL_LICENSE) 
VALUES (4, 9, to_date('11/08/2024', 'MM/DD/RRRR'), 'Y');

INSERT INTO MEMBER_LICENSE (LICENSE_NO, MEMBER_NO, CONFIRM_DATE, SYMBOL_LICENSE) 
VALUES (1, 10, to_date('11/07/2024', 'MM/DD/RRRR'), 'Y');

INSERT INTO MEMBER_LICENSE (LICENSE_NO, MEMBER_NO, CONFIRM_DATE, SYMBOL_LICENSE) 
VALUES (2, 11, to_date('11/06/2024', 'MM/DD/RRRR'), 'Y');

INSERT INTO MEMBER_LICENSE (LICENSE_NO, MEMBER_NO, CONFIRM_DATE, SYMBOL_LICENSE) 
VALUES (3, 12, to_date('11/05/2024', 'MM/DD/RRRR'), 'Y');

INSERT INTO MEMBER_LICENSE (LICENSE_NO, MEMBER_NO, CONFIRM_DATE, SYMBOL_LICENSE) 
VALUES (4, 13, to_date('11/04/2024', 'MM/DD/RRRR'), 'Y');

INSERT INTO MEMBER_LICENSE (LICENSE_NO, MEMBER_NO, CONFIRM_DATE, SYMBOL_LICENSE) 
VALUES (1, 14, to_date('11/03/2024', 'MM/DD/RRRR'), 'Y');

INSERT INTO MEMBER_LICENSE (LICENSE_NO, MEMBER_NO, CONFIRM_DATE, SYMBOL_LICENSE) 
VALUES (2, 15, to_date('11/02/2024', 'MM/DD/RRRR'), 'Y');

INSERT INTO MEMBER_LICENSE (LICENSE_NO, MEMBER_NO, CONFIRM_DATE, SYMBOL_LICENSE) 
VALUES (3, 16, to_date('11/01/2024', 'MM/DD/RRRR'), 'Y');

INSERT INTO MEMBER_LICENSE (LICENSE_NO, MEMBER_NO, CONFIRM_DATE, SYMBOL_LICENSE) 
VALUES (4, 17, to_date('10/31/2024', 'MM/DD/RRRR'), 'Y');

INSERT INTO MEMBER_LICENSE (LICENSE_NO, MEMBER_NO, CONFIRM_DATE, SYMBOL_LICENSE) 
VALUES (1, 18, to_date('10/30/2024', 'MM/DD/RRRR'), 'Y');

INSERT INTO MEMBER_LICENSE (LICENSE_NO, MEMBER_NO, CONFIRM_DATE, SYMBOL_LICENSE) 
VALUES (2, 19, to_date('10/29/2024', 'MM/DD/RRRR'), 'Y');

INSERT INTO MEMBER_LICENSE (LICENSE_NO, MEMBER_NO, CONFIRM_DATE, SYMBOL_LICENSE) 
VALUES (3, 20, to_date('10/28/2024', 'MM/DD/RRRR'), 'Y');

INSERT INTO MEMBER_LICENSE (LICENSE_NO, MEMBER_NO, CONFIRM_DATE, SYMBOL_LICENSE) 
VALUES (4, 21, to_date('10/27/2024', 'MM/DD/RRRR'), 'Y');

INSERT INTO MEMBER_LICENSE (LICENSE_NO, MEMBER_NO, CONFIRM_DATE, SYMBOL_LICENSE) 
VALUES (1, 22, to_date('10/26/2024', 'MM/DD/RRRR'), 'Y');

INSERT INTO MEMBER_LICENSE (LICENSE_NO, MEMBER_NO, CONFIRM_DATE, SYMBOL_LICENSE) 
VALUES (2, 23, to_date('10/25/2024', 'MM/DD/RRRR'), 'Y');

INSERT INTO MEMBER_LICENSE (LICENSE_NO, MEMBER_NO, CONFIRM_DATE, SYMBOL_LICENSE) 
VALUES (3, 24, to_date('10/24/2024', 'MM/DD/RRRR'), 'Y');

INSERT INTO MEMBER_LICENSE (LICENSE_NO, MEMBER_NO, CONFIRM_DATE, SYMBOL_LICENSE) 
VALUES (4, 25, to_date('10/23/2024', 'MM/DD/RRRR'), 'Y');

INSERT INTO MEMBER_LICENSE (LICENSE_NO, MEMBER_NO, CONFIRM_DATE, SYMBOL_LICENSE) 
VALUES (1, 26, to_date('10/22/2024', 'MM/DD/RRRR'), 'Y');

INSERT INTO MEMBER_LICENSE (LICENSE_NO, MEMBER_NO, CONFIRM_DATE, SYMBOL_LICENSE) 
VALUES (2, 27, to_date('10/21/2024', 'MM/DD/RRRR'), 'Y');

INSERT INTO MEMBER_LICENSE (LICENSE_NO, MEMBER_NO, CONFIRM_DATE, SYMBOL_LICENSE) 
VALUES (3, 28, to_date('10/20/2024', 'MM/DD/RRRR'), 'Y');

INSERT INTO MEMBER_LICENSE (LICENSE_NO, MEMBER_NO, CONFIRM_DATE, SYMBOL_LICENSE) 
VALUES (4, 29, to_date('10/19/2024', 'MM/DD/RRRR'), 'Y');

INSERT INTO MEMBER_LICENSE (LICENSE_NO, MEMBER_NO, CONFIRM_DATE, SYMBOL_LICENSE) 
VALUES (1, 30, to_date('10/18/2024', 'MM/DD/RRRR'), 'Y');

INSERT INTO MEMBER_LICENSE (LICENSE_NO, MEMBER_NO, CONFIRM_DATE, SYMBOL_LICENSE) 
VALUES (2, 31, to_date('10/17/2024', 'MM/DD/RRRR'), 'Y');

INSERT INTO MEMBER_LICENSE (LICENSE_NO, MEMBER_NO, CONFIRM_DATE, SYMBOL_LICENSE) 
VALUES (3, 32, to_date('10/16/2024', 'MM/DD/RRRR'), 'Y');

INSERT INTO MEMBER_LICENSE (LICENSE_NO, MEMBER_NO, CONFIRM_DATE, SYMBOL_LICENSE) 
VALUES (4, 33, to_date('10/15/2024', 'MM/DD/RRRR'), 'Y');

INSERT INTO MEMBER_LICENSE (LICENSE_NO, MEMBER_NO, CONFIRM_DATE, SYMBOL_LICENSE) 
VALUES (1, 34, to_date('10/14/2024', 'MM/DD/RRRR'), 'Y');

INSERT INTO MEMBER_LICENSE (LICENSE_NO, MEMBER_NO, CONFIRM_DATE, SYMBOL_LICENSE) 
VALUES (2, 35, to_date('10/13/2024', 'MM/DD/RRRR'), 'Y');

INSERT INTO MEMBER_LICENSE (LICENSE_NO, MEMBER_NO, CONFIRM_DATE, SYMBOL_LICENSE) 
VALUES (3, 36, to_date('10/12/2024', 'MM/DD/RRRR'), 'Y');

INSERT INTO MEMBER_LICENSE (LICENSE_NO, MEMBER_NO, CONFIRM_DATE, SYMBOL_LICENSE) 
VALUES (4, 37, to_date('10/11/2024', 'MM/DD/RRRR'), 'Y');

INSERT INTO MEMBER_LICENSE (LICENSE_NO, MEMBER_NO, CONFIRM_DATE, SYMBOL_LICENSE) 
VALUES (1, 38, to_date('10/10/2024', 'MM/DD/RRRR'), 'Y');

INSERT INTO MEMBER_LICENSE (LICENSE_NO, MEMBER_NO, CONFIRM_DATE, SYMBOL_LICENSE) 
VALUES (2, 39, to_date('10/09/2024', 'MM/DD/RRRR'), 'Y');

INSERT INTO MEMBER_LICENSE (LICENSE_NO, MEMBER_NO, CONFIRM_DATE, SYMBOL_LICENSE) 
VALUES (3, 6, to_date('10/08/2024', 'MM/DD/RRRR'), 'N');

INSERT INTO MEMBER_LICENSE (LICENSE_NO, MEMBER_NO, CONFIRM_DATE, SYMBOL_LICENSE) 
VALUES (4, 7, to_date('10/07/2024', 'MM/DD/RRRR'), 'N');

INSERT INTO MEMBER_LICENSE (LICENSE_NO, MEMBER_NO, CONFIRM_DATE, SYMBOL_LICENSE) 
VALUES (1, 8, to_date('10/06/2024', 'MM/DD/RRRR'), 'N');

INSERT INTO MEMBER_LICENSE (LICENSE_NO, MEMBER_NO, CONFIRM_DATE, SYMBOL_LICENSE) 
VALUES (2, 9, to_date('10/05/2024', 'MM/DD/RRRR'), 'N');

INSERT INTO MEMBER_LICENSE (LICENSE_NO, MEMBER_NO, CONFIRM_DATE, SYMBOL_LICENSE) 
VALUES (3, 10, to_date('10/04/2024', 'MM/DD/RRRR'), 'N');

INSERT INTO MEMBER_LICENSE (LICENSE_NO, MEMBER_NO, CONFIRM_DATE, SYMBOL_LICENSE) 
VALUES (4, 11, to_date('10/03/2024', 'MM/DD/RRRR'), 'N');

INSERT INTO MEMBER_LICENSE (LICENSE_NO, MEMBER_NO, CONFIRM_DATE, SYMBOL_LICENSE) 
VALUES (1, 12, to_date('10/02/2024', 'MM/DD/RRRR'), 'N');

INSERT INTO MEMBER_LICENSE (LICENSE_NO, MEMBER_NO, CONFIRM_DATE, SYMBOL_LICENSE) 
VALUES (2, 13, to_date('10/01/2024', 'MM/DD/RRRR'), 'N');

INSERT INTO MEMBER_LICENSE (LICENSE_NO, MEMBER_NO, CONFIRM_DATE, SYMBOL_LICENSE) 
VALUES (3, 14, to_date('09/30/2024', 'MM/DD/RRRR'), 'N');

INSERT INTO MEMBER_LICENSE (LICENSE_NO, MEMBER_NO, CONFIRM_DATE, SYMBOL_LICENSE) 
VALUES (4, 15, to_date('09/29/2024', 'MM/DD/RRRR'), 'N');

INSERT INTO MEMBER_LICENSE (LICENSE_NO, MEMBER_NO, CONFIRM_DATE, SYMBOL_LICENSE) 
VALUES (1, 16, to_date('09/28/2024', 'MM/DD/RRRR'), 'N');

INSERT INTO MEMBER_LICENSE (LICENSE_NO, MEMBER_NO, CONFIRM_DATE, SYMBOL_LICENSE) 
VALUES (2, 17, to_date('09/27/2024', 'MM/DD/RRRR'), 'N');

INSERT INTO MENTOR_LIKE_LOG (MEMBER_NO, MENTOR_NO) 
VALUES (1, 6);

INSERT INTO MENTOR_LIKE_LOG (MEMBER_NO, MENTOR_NO) 
VALUES (2, 6);

INSERT INTO MENTOR_LIKE_LOG (MEMBER_NO, MENTOR_NO) 
VALUES (3, 6);

INSERT INTO MENTOR_LIKE_LOG (MEMBER_NO, MENTOR_NO) 
VALUES (4, 6);

INSERT INTO MENTOR_LIKE_LOG (MEMBER_NO, MENTOR_NO) 
VALUES (5, 6);

INSERT INTO MENTOR_LIKE_LOG (MEMBER_NO, MENTOR_NO) 
VALUES (6, 6);

INSERT INTO MENTOR_LIKE_LOG (MEMBER_NO, MENTOR_NO) 
VALUES (7, 6);

INSERT INTO MENTOR_LIKE_LOG (MEMBER_NO, MENTOR_NO) 
VALUES (8, 6);

INSERT INTO MENTOR_LIKE_LOG (MEMBER_NO, MENTOR_NO) 
VALUES (9, 6);

INSERT INTO MENTOR_LIKE_LOG (MEMBER_NO, MENTOR_NO) 
VALUES (10, 6);

INSERT INTO MENTOR_LIKE_LOG (MEMBER_NO, MENTOR_NO) 
VALUES (11, 6);

INSERT INTO MENTOR_LIKE_LOG (MEMBER_NO, MENTOR_NO) 
VALUES (12, 6);

INSERT INTO MENTOR_LIKE_LOG (MEMBER_NO, MENTOR_NO) 
VALUES (13, 6);

INSERT INTO MENTOR_LIKE_LOG (MEMBER_NO, MENTOR_NO) 
VALUES (14, 6);

INSERT INTO MENTOR_LIKE_LOG (MEMBER_NO, MENTOR_NO) 
VALUES (15, 6);

INSERT INTO MENTOR_LIKE_LOG (MEMBER_NO, MENTOR_NO) 
VALUES (16, 6);

INSERT INTO MENTOR_LIKE_LOG (MEMBER_NO, MENTOR_NO) 
VALUES (17, 6);

INSERT INTO MENTOR_LIKE_LOG (MEMBER_NO, MENTOR_NO) 
VALUES (18, 6);

INSERT INTO MENTOR_LIKE_LOG (MEMBER_NO, MENTOR_NO) 
VALUES (19, 6);

INSERT INTO MENTOR_LIKE_LOG (MEMBER_NO, MENTOR_NO) 
VALUES (20, 6);

INSERT INTO MENTOR_LIKE_LOG (MEMBER_NO, MENTOR_NO) 
VALUES (21, 6);

INSERT INTO MENTOR_LIKE_LOG (MEMBER_NO, MENTOR_NO) 
VALUES (22, 6);

INSERT INTO MENTOR_LIKE_LOG (MEMBER_NO, MENTOR_NO) 
VALUES (23, 6);

INSERT INTO MENTOR_LIKE_LOG (MEMBER_NO, MENTOR_NO) 
VALUES (24, 6);

INSERT INTO MENTOR_LIKE_LOG (MEMBER_NO, MENTOR_NO) 
VALUES (25, 6);

INSERT INTO MENTOR_LIKE_LOG (MEMBER_NO, MENTOR_NO) 
VALUES (26, 6);

INSERT INTO MENTOR_LIKE_LOG (MEMBER_NO, MENTOR_NO) 
VALUES (27, 6);

INSERT INTO MENTOR_LIKE_LOG (MEMBER_NO, MENTOR_NO) 
VALUES (28, 6);

INSERT INTO MENTOR_LIKE_LOG (MEMBER_NO, MENTOR_NO) 
VALUES (29, 6);

INSERT INTO MENTOR_LIKE_LOG (MEMBER_NO, MENTOR_NO) 
VALUES (30, 6);

INSERT INTO MENTOR_LIKE_LOG (MEMBER_NO, MENTOR_NO) 
VALUES (31, 6);

INSERT INTO MENTOR_LIKE_LOG (MEMBER_NO, MENTOR_NO) 
VALUES (32, 6);

INSERT INTO MENTOR_LIKE_LOG (MEMBER_NO, MENTOR_NO) 
VALUES (33, 6);

INSERT INTO MENTOR_LIKE_LOG (MEMBER_NO, MENTOR_NO) 
VALUES (34, 6);

INSERT INTO MENTOR_LIKE_LOG (MEMBER_NO, MENTOR_NO) 
VALUES (35, 6);

INSERT INTO MENTOR_LIKE_LOG (MEMBER_NO, MENTOR_NO) 
VALUES (36, 6);

INSERT INTO MENTOR_LIKE_LOG (MEMBER_NO, MENTOR_NO) 
VALUES (37, 6);

INSERT INTO MENTOR_LIKE_LOG (MEMBER_NO, MENTOR_NO) 
VALUES (38, 6);

INSERT INTO MENTOR_LIKE_LOG (MEMBER_NO, MENTOR_NO) 
VALUES (39, 6);

INSERT INTO MENTOR_LIKE_LOG (MEMBER_NO, MENTOR_NO) 
VALUES (1, 7);

INSERT INTO MENTOR_LIKE_LOG (MEMBER_NO, MENTOR_NO) 
VALUES (2, 7);

INSERT INTO MENTOR_LIKE_LOG (MEMBER_NO, MENTOR_NO) 
VALUES (3, 7);

INSERT INTO MENTOR_LIKE_LOG (MEMBER_NO, MENTOR_NO) 
VALUES (4, 7);

INSERT INTO MENTOR_LIKE_LOG (MEMBER_NO, MENTOR_NO) 
VALUES (5, 7);

INSERT INTO MENTOR_LIKE_LOG (MEMBER_NO, MENTOR_NO) 
VALUES (6, 7);

INSERT INTO MENTOR_LIKE_LOG (MEMBER_NO, MENTOR_NO) 
VALUES (1, 8);

INSERT INTO MENTOR_LIKE_LOG (MEMBER_NO, MENTOR_NO) 
VALUES (2, 8);

INSERT INTO MENTOR_LIKE_LOG (MEMBER_NO, MENTOR_NO) 
VALUES (3, 8);

INSERT INTO MENTOR_LIKE_LOG (MEMBER_NO, MENTOR_NO) 
VALUES (4, 8);

INSERT INTO MENTOR_LIKE_LOG (MEMBER_NO, MENTOR_NO) 
VALUES (5, 8);

INSERT INTO MENTOR_LIKE_LOG (MEMBER_NO, MENTOR_NO) 
VALUES (6, 8);

INSERT INTO MENTOR_LIKE_LOG (MEMBER_NO, MENTOR_NO) 
VALUES (7, 8);

INSERT INTO MENTOR_LIKE_LOG (MEMBER_NO, MENTOR_NO) 
VALUES (8, 8);

INSERT INTO MENTOR_LIKE_LOG (MEMBER_NO, MENTOR_NO) 
VALUES (9, 8);

INSERT INTO MENTOR_LIKE_LOG (MEMBER_NO, MENTOR_NO) 
VALUES (10, 8);

INSERT INTO MENTOR_LIKE_LOG (MEMBER_NO, MENTOR_NO) 
VALUES (11, 8);

INSERT INTO MENTOR_LIKE_LOG (MEMBER_NO, MENTOR_NO) 
VALUES (12, 8);

INSERT INTO REPLY (REPLY_NO, BOARD_NO, MEMBER_NO, REPLY_CONTENT) 
VALUES (1, 315, 1, '하하하1');

INSERT INTO REPLY (REPLY_NO, BOARD_NO, MEMBER_NO, REPLY_CONTENT) 
VALUES (2, 315, 2, '하하하2');

INSERT INTO REPLY (REPLY_NO, BOARD_NO, MEMBER_NO, REPLY_CONTENT) 
VALUES (3, 315, 3, '하하하3');

INSERT INTO REPLY (REPLY_NO, BOARD_NO, MEMBER_NO, REPLY_CONTENT) 
VALUES (4, 315, 1, '하하하4');

INSERT INTO REPLY (REPLY_NO, BOARD_NO, MEMBER_NO, REPLY_CONTENT) 
VALUES (5, 315, 2, '하하하5');

INSERT INTO REPLY (REPLY_NO, BOARD_NO, MEMBER_NO, REPLY_CONTENT) 
VALUES (6, 315, 3, '하하하6');

INSERT INTO REPLY (REPLY_NO, BOARD_NO, MEMBER_NO, REPLY_CONTENT) 
VALUES (7, 315, 1, '하하하7');

INSERT INTO REPLY (REPLY_NO, BOARD_NO, MEMBER_NO, REPLY_CONTENT) 
VALUES (8, 315, 2, '하하하8');

INSERT INTO REPLY (REPLY_NO, BOARD_NO, MEMBER_NO, REPLY_CONTENT) 
VALUES (9, 315, 3, '하하하9');

INSERT INTO REPLY (REPLY_NO, BOARD_NO, MEMBER_NO, REPLY_CONTENT) 
VALUES (10, 315, 1, '하하하10');

INSERT INTO REPLY (REPLY_NO, BOARD_NO, MEMBER_NO, REPLY_CONTENT) 
VALUES (11, 315, 2, '하하하11');

INSERT INTO REPLY (REPLY_NO, BOARD_NO, MEMBER_NO, REPLY_CONTENT) 
VALUES (12, 315, 3, '하하하12');

INSERT INTO REPLY (REPLY_NO, BOARD_NO, MEMBER_NO, REPLY_CONTENT) 
VALUES (13, 315, 1, '하하하13');

INSERT INTO REPLY (REPLY_NO, BOARD_NO, MEMBER_NO, REPLY_CONTENT) 
VALUES (14, 315, 2, '하하하14');

INSERT INTO REPLY (REPLY_NO, BOARD_NO, MEMBER_NO, REPLY_CONTENT) 
VALUES (15, 315, 3, '하하하15');

INSERT INTO REPLY (REPLY_NO, BOARD_NO, MEMBER_NO, REPLY_CONTENT) 
VALUES (16, 315, 1, '하하하16');

INSERT INTO REPLY (REPLY_NO, BOARD_NO, MEMBER_NO, REPLY_CONTENT) 
VALUES (17, 315, 2, '하하하17');

INSERT INTO REPLY (REPLY_NO, BOARD_NO, MEMBER_NO, REPLY_CONTENT) 
VALUES (18, 315, 3, '하하하18');

INSERT INTO REPLY (REPLY_NO, BOARD_NO, MEMBER_NO, REPLY_CONTENT) 
VALUES (19, 315, 1, '하하하19');

INSERT INTO REPLY (REPLY_NO, BOARD_NO, MEMBER_NO, REPLY_CONTENT) 
VALUES (20, 315, 2, '하하하20');

INSERT INTO REPLY (REPLY_NO, BOARD_NO, MEMBER_NO, REPLY_CONTENT) 
VALUES (21, 315, 3, '하하하21');

INSERT INTO REPLY (REPLY_NO, BOARD_NO, MEMBER_NO, REPLY_CONTENT) 
VALUES (22, 315, 1, '하하하22');

INSERT INTO REPLY (REPLY_NO, BOARD_NO, MEMBER_NO, REPLY_CONTENT) 
VALUES (23, 315, 2, '하하하23');

INSERT INTO REPLY (REPLY_NO, BOARD_NO, MEMBER_NO, REPLY_CONTENT) 
VALUES (24, 315, 3, '하하하24');

INSERT INTO REPLY (REPLY_NO, BOARD_NO, MEMBER_NO, REPLY_CONTENT) 
VALUES (25, 315, 1, '하하하25');

INSERT INTO REPLY (REPLY_NO, BOARD_NO, MEMBER_NO, REPLY_CONTENT) 
VALUES (26, 315, 2, '하하하26');

INSERT INTO REPLY (REPLY_NO, BOARD_NO, MEMBER_NO, REPLY_CONTENT) 
VALUES (27, 315, 3, '하하하27');

INSERT INTO REPLY (REPLY_NO, BOARD_NO, MEMBER_NO, REPLY_CONTENT) 
VALUES (28, 315, 1, '하하하28');

INSERT INTO REPLY (REPLY_NO, BOARD_NO, MEMBER_NO, REPLY_CONTENT) 
VALUES (29, 315, 2, '하하하29');

INSERT INTO REPLY (REPLY_NO, BOARD_NO, MEMBER_NO, REPLY_CONTENT) 
VALUES (30, 315, 3, '하하하30');

INSERT INTO REPLY (REPLY_NO, BOARD_NO, MEMBER_NO, REPLY_CONTENT) 
VALUES (31, 315, 1, '하하하31');

INSERT INTO REPLY (REPLY_NO, BOARD_NO, MEMBER_NO, REPLY_CONTENT) 
VALUES (32, 315, 2, '하하하32');

INSERT INTO REPLY (REPLY_NO, BOARD_NO, MEMBER_NO, REPLY_CONTENT) 
VALUES (33, 315, 3, '하하하33');

INSERT INTO REPLY (REPLY_NO, BOARD_NO, MEMBER_NO, REPLY_CONTENT) 
VALUES (34, 315, 1, '하하하34');

INSERT INTO REPLY (REPLY_NO, BOARD_NO, MEMBER_NO, REPLY_CONTENT) 
VALUES (35, 315, 2, '하하하35');

INSERT INTO REPLY (REPLY_NO, BOARD_NO, MEMBER_NO, REPLY_CONTENT) 
VALUES (36, 315, 3, '하하하36');

INSERT INTO REPLY (REPLY_NO, BOARD_NO, MEMBER_NO, REPLY_CONTENT) 
VALUES (37, 315, 1, '하하하37');

INSERT INTO REPLY (REPLY_NO, BOARD_NO, MEMBER_NO, REPLY_CONTENT) 
VALUES (38, 315, 2, '하하하38');

INSERT INTO REPLY (REPLY_NO, BOARD_NO, MEMBER_NO, REPLY_CONTENT) 
VALUES (39, 315, 3, '하하하39');

INSERT INTO REPLY (REPLY_NO, BOARD_NO, MEMBER_NO, REPLY_CONTENT) 
VALUES (40, 315, 1, '하하하40');

INSERT INTO REPLY (REPLY_NO, BOARD_NO, MEMBER_NO, REPLY_CONTENT) 
VALUES (41, 315, 2, '하하하41');

INSERT INTO REPLY (REPLY_NO, BOARD_NO, MEMBER_NO, REPLY_CONTENT) 
VALUES (42, 315, 3, '하하하42');

INSERT INTO REPLY (REPLY_NO, BOARD_NO, MEMBER_NO, REPLY_CONTENT) 
VALUES (43, 315, 1, '하하하43');

INSERT INTO REPLY (REPLY_NO, BOARD_NO, MEMBER_NO, REPLY_CONTENT) 
VALUES (44, 315, 2, '하하하44');

INSERT INTO REPLY (REPLY_NO, BOARD_NO, MEMBER_NO, REPLY_CONTENT) 
VALUES (45, 315, 3, '하하하45');

INSERT INTO REPLY (REPLY_NO, BOARD_NO, MEMBER_NO, REPLY_CONTENT) 
VALUES (46, 315, 1, '하하하46');

INSERT INTO REPLY (REPLY_NO, BOARD_NO, MEMBER_NO, REPLY_CONTENT) 
VALUES (47, 315, 2, '하하하47');

INSERT INTO REPLY (REPLY_NO, BOARD_NO, MEMBER_NO, REPLY_CONTENT) 
VALUES (48, 315, 3, '하하하48');

INSERT INTO REPLY (REPLY_NO, BOARD_NO, MEMBER_NO, REPLY_CONTENT) 
VALUES (49, 315, 1, '하하하49');

INSERT INTO REPLY (REPLY_NO, BOARD_NO, MEMBER_NO, REPLY_CONTENT) 
VALUES (50, 315, 2, '하하하50');

INSERT INTO REPLY (REPLY_NO, BOARD_NO, MEMBER_NO, REPLY_CONTENT) 
VALUES (51, 315, 3, '하하하51');

INSERT INTO REPLY (REPLY_NO, BOARD_NO, MEMBER_NO, REPLY_CONTENT) 
VALUES (52, 315, 1, '하하하52');

INSERT INTO REPLY (REPLY_NO, BOARD_NO, MEMBER_NO, REPLY_CONTENT) 
VALUES (53, 315, 2, '하하하53');

INSERT INTO REPLY (REPLY_NO, BOARD_NO, MEMBER_NO, REPLY_CONTENT) 
VALUES (54, 315, 3, '하하하54');

INSERT INTO REPLY (REPLY_NO, BOARD_NO, MEMBER_NO, REPLY_CONTENT) 
VALUES (55, 315, 1, '하하하55');

INSERT INTO REPLY (REPLY_NO, BOARD_NO, MEMBER_NO, REPLY_CONTENT) 
VALUES (56, 315, 2, '하하하56');

INSERT INTO REPLY (REPLY_NO, BOARD_NO, MEMBER_NO, REPLY_CONTENT) 
VALUES (57, 315, 3, '하하하57');

INSERT INTO REPLY (REPLY_NO, BOARD_NO, MEMBER_NO, REPLY_CONTENT) 
VALUES (58, 315, 1, '하하하58');

INSERT INTO REPLY (REPLY_NO, BOARD_NO, MEMBER_NO, REPLY_CONTENT) 
VALUES (59, 315, 2, '하하하59');

INSERT INTO REPLY (REPLY_NO, BOARD_NO, MEMBER_NO, REPLY_CONTENT) 
VALUES (60, 315, 3, '하하하60');

INSERT INTO REPLY (REPLY_NO, BOARD_NO, MEMBER_NO, REPLY_CONTENT) 
VALUES (61, 315, 1, '하하하61');

INSERT INTO REPLY (REPLY_NO, BOARD_NO, MEMBER_NO, REPLY_CONTENT) 
VALUES (62, 315, 2, '하하하62');

INSERT INTO REPLY (REPLY_NO, BOARD_NO, MEMBER_NO, REPLY_CONTENT) 
VALUES (63, 315, 3, '하하하63');

INSERT INTO REPLY (REPLY_NO, BOARD_NO, MEMBER_NO, REPLY_CONTENT) 
VALUES (64, 315, 1, '하하하64');

INSERT INTO REPLY (REPLY_NO, BOARD_NO, MEMBER_NO, REPLY_CONTENT) 
VALUES (65, 315, 2, '하하하65');

INSERT INTO REPLY (REPLY_NO, BOARD_NO, MEMBER_NO, REPLY_CONTENT) 
VALUES (66, 315, 3, '하하하66');

INSERT INTO REPLY (REPLY_NO, BOARD_NO, MEMBER_NO, REPLY_CONTENT) 
VALUES (67, 315, 1, '하하하67');

INSERT INTO REPLY (REPLY_NO, BOARD_NO, MEMBER_NO, REPLY_CONTENT) 
VALUES (68, 315, 2, '하하하68');

INSERT INTO REPLY (REPLY_NO, BOARD_NO, MEMBER_NO, REPLY_CONTENT) 
VALUES (69, 315, 3, '하하하69');

INSERT INTO REPLY (REPLY_NO, BOARD_NO, MEMBER_NO, REPLY_CONTENT) 
VALUES (70, 315, 1, '하하하70');

INSERT INTO REPLY (REPLY_NO, BOARD_NO, MEMBER_NO, REPLY_CONTENT) 
VALUES (71, 315, 2, '하하하71');

INSERT INTO REPLY (REPLY_NO, BOARD_NO, MEMBER_NO, REPLY_CONTENT) 
VALUES (72, 315, 3, '하하하72');

INSERT INTO REPLY (REPLY_NO, BOARD_NO, MEMBER_NO, REPLY_CONTENT) 
VALUES (73, 315, 1, '하하하73');

INSERT INTO REPLY (REPLY_NO, BOARD_NO, MEMBER_NO, REPLY_CONTENT) 
VALUES (74, 315, 2, '하하하74');

INSERT INTO REPLY (REPLY_NO, BOARD_NO, MEMBER_NO, REPLY_CONTENT) 
VALUES (75, 315, 3, '하하하75');

INSERT INTO REPLY (REPLY_NO, BOARD_NO, MEMBER_NO, REPLY_CONTENT) 
VALUES (76, 315, 1, '하하하76');

INSERT INTO REPLY (REPLY_NO, BOARD_NO, MEMBER_NO, REPLY_CONTENT) 
VALUES (77, 315, 2, '하하하77');

INSERT INTO REPLY (REPLY_NO, BOARD_NO, MEMBER_NO, REPLY_CONTENT) 
VALUES (78, 315, 3, '하하하78');

INSERT INTO REPLY (REPLY_NO, BOARD_NO, MEMBER_NO, REPLY_CONTENT) 
VALUES (79, 315, 1, '하하하79');

INSERT INTO REPLY (REPLY_NO, BOARD_NO, MEMBER_NO, REPLY_CONTENT) 
VALUES (80, 315, 2, '하하하80');

INSERT INTO REPLY (REPLY_NO, BOARD_NO, MEMBER_NO, REPLY_CONTENT) 
VALUES (81, 315, 3, '하하하81');

INSERT INTO REPLY (REPLY_NO, BOARD_NO, MEMBER_NO, REPLY_CONTENT) 
VALUES (82, 315, 1, '하하하82');

INSERT INTO REPLY (REPLY_NO, BOARD_NO, MEMBER_NO, REPLY_CONTENT) 
VALUES (83, 315, 2, '하하하83');

INSERT INTO REPLY (REPLY_NO, BOARD_NO, MEMBER_NO, REPLY_CONTENT) 
VALUES (84, 315, 3, '하하하84');

INSERT INTO REPLY (REPLY_NO, BOARD_NO, MEMBER_NO, REPLY_CONTENT) 
VALUES (85, 315, 1, '하하하85');

INSERT INTO REPLY (REPLY_NO, BOARD_NO, MEMBER_NO, REPLY_CONTENT) 
VALUES (86, 315, 2, '하하하86');

INSERT INTO REPLY (REPLY_NO, BOARD_NO, MEMBER_NO, REPLY_CONTENT) 
VALUES (87, 315, 3, '하하하87');

INSERT INTO REPLY (REPLY_NO, BOARD_NO, MEMBER_NO, REPLY_CONTENT) 
VALUES (88, 315, 1, '하하하88');

INSERT INTO REPLY (REPLY_NO, BOARD_NO, MEMBER_NO, REPLY_CONTENT) 
VALUES (89, 315, 2, '하하하89');

INSERT INTO REPLY (REPLY_NO, BOARD_NO, MEMBER_NO, REPLY_CONTENT) 
VALUES (90, 315, 3, '하하하90');

INSERT INTO REPLY (REPLY_NO, BOARD_NO, MEMBER_NO, REPLY_CONTENT) 
VALUES (91, 315, 1, '하하하91');

INSERT INTO REPLY (REPLY_NO, BOARD_NO, MEMBER_NO, REPLY_CONTENT) 
VALUES (92, 315, 2, '하하하92');

INSERT INTO REPLY (REPLY_NO, BOARD_NO, MEMBER_NO, REPLY_CONTENT) 
VALUES (93, 315, 3, '하하하93');

INSERT INTO REPLY (REPLY_NO, BOARD_NO, MEMBER_NO, REPLY_CONTENT) 
VALUES (94, 315, 1, '하하하94');

INSERT INTO REPLY (REPLY_NO, BOARD_NO, MEMBER_NO, REPLY_CONTENT) 
VALUES (95, 315, 2, '하하하95');

INSERT INTO REPLY (REPLY_NO, BOARD_NO, MEMBER_NO, REPLY_CONTENT) 
VALUES (96, 315, 3, '하하하96');

INSERT INTO REPLY (REPLY_NO, BOARD_NO, MEMBER_NO, REPLY_CONTENT) 
VALUES (97, 315, 1, '하하하97');

INSERT INTO REPLY (REPLY_NO, BOARD_NO, MEMBER_NO, REPLY_CONTENT) 
VALUES (98, 315, 2, '하하하98');

INSERT INTO REPLY (REPLY_NO, BOARD_NO, MEMBER_NO, REPLY_CONTENT) 
VALUES (99, 315, 3, '하하하99');

INSERT INTO REPLY (REPLY_NO, BOARD_NO, MEMBER_NO, REPLY_CONTENT) 
VALUES (100, 315, 1, '하하하100');

INSERT INTO REPLY (REPLY_NO, BOARD_NO, MEMBER_NO, REPLY_CONTENT) 
VALUES (101, 314, 2, '하하하101');

INSERT INTO REPLY (REPLY_NO, BOARD_NO, MEMBER_NO, REPLY_CONTENT) 
VALUES (102, 314, 3, '하하하102');

INSERT INTO REPLY (REPLY_NO, BOARD_NO, MEMBER_NO, REPLY_CONTENT) 
VALUES (103, 314, 1, '하하하103');

INSERT INTO REPLY (REPLY_NO, BOARD_NO, MEMBER_NO, REPLY_CONTENT) 
VALUES (104, 314, 2, '하하하104');

INSERT INTO REPLY (REPLY_NO, BOARD_NO, MEMBER_NO, REPLY_CONTENT) 
VALUES (105, 314, 3, '하하하105');

INSERT INTO REPLY (REPLY_NO, BOARD_NO, MEMBER_NO, REPLY_CONTENT) 
VALUES (106, 314, 1, '하하하106');

INSERT INTO REPLY (REPLY_NO, BOARD_NO, MEMBER_NO, REPLY_CONTENT) 
VALUES (107, 314, 2, '하하하107');

INSERT INTO REPLY (REPLY_NO, BOARD_NO, MEMBER_NO, REPLY_CONTENT) 
VALUES (108, 314, 3, '하하하108');

INSERT INTO REPLY (REPLY_NO, BOARD_NO, MEMBER_NO, REPLY_CONTENT) 
VALUES (109, 314, 1, '하하하109');

INSERT INTO REPLY (REPLY_NO, BOARD_NO, MEMBER_NO, REPLY_CONTENT) 
VALUES (110, 314, 2, '하하하110');

INSERT INTO REPLY (REPLY_NO, BOARD_NO, MEMBER_NO, REPLY_CONTENT) 
VALUES (111, 314, 3, '하하하111');

INSERT INTO REPLY (REPLY_NO, BOARD_NO, MEMBER_NO, REPLY_CONTENT) 
VALUES (112, 314, 1, '하하하112');

INSERT INTO REPLY (REPLY_NO, BOARD_NO, MEMBER_NO, REPLY_CONTENT) 
VALUES (113, 314, 2, '하하하113');

INSERT INTO REPLY (REPLY_NO, BOARD_NO, MEMBER_NO, REPLY_CONTENT) 
VALUES (114, 314, 3, '하하하114');

INSERT INTO REPLY (REPLY_NO, BOARD_NO, MEMBER_NO, REPLY_CONTENT) 
VALUES (115, 314, 1, '하하하115');

INSERT INTO REPLY (REPLY_NO, BOARD_NO, MEMBER_NO, REPLY_CONTENT) 
VALUES (116, 314, 2, '하하하116');

INSERT INTO REPLY (REPLY_NO, BOARD_NO, MEMBER_NO, REPLY_CONTENT) 
VALUES (117, 314, 3, '하하하117');

INSERT INTO REPLY (REPLY_NO, BOARD_NO, MEMBER_NO, REPLY_CONTENT) 
VALUES (118, 314, 1, '하하하118');

INSERT INTO REPLY (REPLY_NO, BOARD_NO, MEMBER_NO, REPLY_CONTENT) 
VALUES (119, 314, 2, '하하하119');

INSERT INTO REPLY (REPLY_NO, BOARD_NO, MEMBER_NO, REPLY_CONTENT) 
VALUES (120, 314, 3, '하하하120');

INSERT INTO REPLY (REPLY_NO, BOARD_NO, MEMBER_NO, REPLY_CONTENT) 
VALUES (121, 314, 1, '하하하121');

INSERT INTO REPLY (REPLY_NO, BOARD_NO, MEMBER_NO, REPLY_CONTENT) 
VALUES (122, 314, 2, '하하하122');

INSERT INTO REPLY (REPLY_NO, BOARD_NO, MEMBER_NO, REPLY_CONTENT) 
VALUES (123, 314, 3, '하하하123');

INSERT INTO REPLY (REPLY_NO, BOARD_NO, MEMBER_NO, REPLY_CONTENT) 
VALUES (124, 314, 1, '하하하124');

INSERT INTO REPLY (REPLY_NO, BOARD_NO, MEMBER_NO, REPLY_CONTENT) 
VALUES (125, 314, 2, '하하하125');

INSERT INTO REPLY (REPLY_NO, BOARD_NO, MEMBER_NO, REPLY_CONTENT) 
VALUES (126, 314, 3, '하하하126');

INSERT INTO REPLY (REPLY_NO, BOARD_NO, MEMBER_NO, REPLY_CONTENT) 
VALUES (127, 314, 1, '하하하127');

INSERT INTO REPLY (REPLY_NO, BOARD_NO, MEMBER_NO, REPLY_CONTENT) 
VALUES (128, 314, 2, '하하하128');

INSERT INTO REPLY (REPLY_NO, BOARD_NO, MEMBER_NO, REPLY_CONTENT) 
VALUES (129, 314, 3, '하하하129');

INSERT INTO REPLY (REPLY_NO, BOARD_NO, MEMBER_NO, REPLY_CONTENT) 
VALUES (130, 314, 1, '하하하130');

INSERT INTO REPLY (REPLY_NO, BOARD_NO, MEMBER_NO, REPLY_CONTENT) 
VALUES (131, 314, 2, '하하하131');

INSERT INTO REPLY (REPLY_NO, BOARD_NO, MEMBER_NO, REPLY_CONTENT) 
VALUES (132, 314, 3, '하하하132');

INSERT INTO REPLY (REPLY_NO, BOARD_NO, MEMBER_NO, REPLY_CONTENT) 
VALUES (133, 314, 1, '하하하133');

INSERT INTO REPLY (REPLY_NO, BOARD_NO, MEMBER_NO, REPLY_CONTENT) 
VALUES (134, 314, 2, '하하하134');

INSERT INTO REPLY (REPLY_NO, BOARD_NO, MEMBER_NO, REPLY_CONTENT) 
VALUES (135, 314, 3, '하하하135');

INSERT INTO REPLY (REPLY_NO, BOARD_NO, MEMBER_NO, REPLY_CONTENT) 
VALUES (136, 314, 1, '하하하136');

INSERT INTO REPLY (REPLY_NO, BOARD_NO, MEMBER_NO, REPLY_CONTENT) 
VALUES (137, 314, 2, '하하하137');

INSERT INTO REPLY (REPLY_NO, BOARD_NO, MEMBER_NO, REPLY_CONTENT) 
VALUES (138, 314, 3, '하하하138');

INSERT INTO REPLY (REPLY_NO, BOARD_NO, MEMBER_NO, REPLY_CONTENT) 
VALUES (139, 314, 1, '하하하139');

INSERT INTO REPLY (REPLY_NO, BOARD_NO, MEMBER_NO, REPLY_CONTENT) 
VALUES (140, 314, 2, '하하하140');

INSERT INTO REPLY (REPLY_NO, BOARD_NO, MEMBER_NO, REPLY_CONTENT) 
VALUES (141, 314, 3, '하하하141');

INSERT INTO REPLY (REPLY_NO, BOARD_NO, MEMBER_NO, REPLY_CONTENT) 
VALUES (142, 314, 1, '하하하142');

INSERT INTO REPLY (REPLY_NO, BOARD_NO, MEMBER_NO, REPLY_CONTENT) 
VALUES (143, 314, 2, '하하하143');

INSERT INTO REPLY (REPLY_NO, BOARD_NO, MEMBER_NO, REPLY_CONTENT) 
VALUES (144, 314, 3, '하하하144');

INSERT INTO REPLY (REPLY_NO, BOARD_NO, MEMBER_NO, REPLY_CONTENT) 
VALUES (145, 314, 1, '하하하145');

INSERT INTO REPLY (REPLY_NO, BOARD_NO, MEMBER_NO, REPLY_CONTENT) 
VALUES (146, 314, 2, '하하하146');

INSERT INTO REPLY (REPLY_NO, BOARD_NO, MEMBER_NO, REPLY_CONTENT) 
VALUES (147, 314, 3, '하하하147');

INSERT INTO REPLY (REPLY_NO, BOARD_NO, MEMBER_NO, REPLY_CONTENT) 
VALUES (148, 314, 1, '하하하148');

INSERT INTO REPLY (REPLY_NO, BOARD_NO, MEMBER_NO, REPLY_CONTENT) 
VALUES (149, 314, 2, '하하하149');

INSERT INTO REPLY (REPLY_NO, BOARD_NO, MEMBER_NO, REPLY_CONTENT) 
VALUES (150, 314, 3, '하하하150');

INSERT INTO REPLY (REPLY_NO, BOARD_NO, MEMBER_NO, REPLY_CONTENT) 
VALUES (151, 314, 1, '하하하151');

INSERT INTO REPLY (REPLY_NO, BOARD_NO, MEMBER_NO, REPLY_CONTENT) 
VALUES (152, 314, 2, '하하하152');

INSERT INTO REPLY (REPLY_NO, BOARD_NO, MEMBER_NO, REPLY_CONTENT) 
VALUES (153, 314, 3, '하하하153');

INSERT INTO REPLY (REPLY_NO, BOARD_NO, MEMBER_NO, REPLY_CONTENT) 
VALUES (154, 314, 1, '하하하154');

INSERT INTO REPLY (REPLY_NO, BOARD_NO, MEMBER_NO, REPLY_CONTENT) 
VALUES (155, 314, 2, '하하하155');

INSERT INTO REPLY (REPLY_NO, BOARD_NO, MEMBER_NO, REPLY_CONTENT) 
VALUES (156, 314, 3, '하하하156');

INSERT INTO REPLY (REPLY_NO, BOARD_NO, MEMBER_NO, REPLY_CONTENT) 
VALUES (157, 314, 1, '하하하157');

INSERT INTO REPLY (REPLY_NO, BOARD_NO, MEMBER_NO, REPLY_CONTENT) 
VALUES (158, 314, 2, '하하하158');

INSERT INTO REPLY (REPLY_NO, BOARD_NO, MEMBER_NO, REPLY_CONTENT) 
VALUES (159, 314, 3, '하하하159');

INSERT INTO REPLY (REPLY_NO, BOARD_NO, MEMBER_NO, REPLY_CONTENT) 
VALUES (160, 314, 1, '하하하160');

INSERT INTO REPLY (REPLY_NO, BOARD_NO, MEMBER_NO, REPLY_CONTENT) 
VALUES (161, 314, 2, '하하하161');

INSERT INTO REPLY (REPLY_NO, BOARD_NO, MEMBER_NO, REPLY_CONTENT) 
VALUES (162, 314, 3, '하하하162');

INSERT INTO REPLY (REPLY_NO, BOARD_NO, MEMBER_NO, REPLY_CONTENT) 
VALUES (163, 314, 1, '하하하163');

INSERT INTO REPLY (REPLY_NO, BOARD_NO, MEMBER_NO, REPLY_CONTENT) 
VALUES (164, 314, 2, '하하하164');

INSERT INTO REPLY (REPLY_NO, BOARD_NO, MEMBER_NO, REPLY_CONTENT) 
VALUES (165, 314, 3, '하하하165');

INSERT INTO REPLY (REPLY_NO, BOARD_NO, MEMBER_NO, REPLY_CONTENT) 
VALUES (166, 314, 1, '하하하166');

INSERT INTO REPLY (REPLY_NO, BOARD_NO, MEMBER_NO, REPLY_CONTENT) 
VALUES (167, 314, 2, '하하하167');

INSERT INTO REPLY (REPLY_NO, BOARD_NO, MEMBER_NO, REPLY_CONTENT) 
VALUES (168, 314, 3, '하하하168');

INSERT INTO REPLY (REPLY_NO, BOARD_NO, MEMBER_NO, REPLY_CONTENT) 
VALUES (169, 314, 1, '하하하169');

INSERT INTO REPLY (REPLY_NO, BOARD_NO, MEMBER_NO, REPLY_CONTENT) 
VALUES (170, 314, 2, '하하하170');

INSERT INTO REPLY (REPLY_NO, BOARD_NO, MEMBER_NO, REPLY_CONTENT) 
VALUES (171, 314, 3, '하하하171');

INSERT INTO REPLY (REPLY_NO, BOARD_NO, MEMBER_NO, REPLY_CONTENT) 
VALUES (172, 314, 1, '하하하172');

INSERT INTO REPLY (REPLY_NO, BOARD_NO, MEMBER_NO, REPLY_CONTENT) 
VALUES (173, 314, 2, '하하하173');

INSERT INTO REPLY (REPLY_NO, BOARD_NO, MEMBER_NO, REPLY_CONTENT) 
VALUES (174, 314, 3, '하하하174');

INSERT INTO REPLY (REPLY_NO, BOARD_NO, MEMBER_NO, REPLY_CONTENT) 
VALUES (175, 314, 1, '하하하175');

INSERT INTO REPLY (REPLY_NO, BOARD_NO, MEMBER_NO, REPLY_CONTENT) 
VALUES (176, 314, 2, '하하하176');

INSERT INTO REPLY (REPLY_NO, BOARD_NO, MEMBER_NO, REPLY_CONTENT) 
VALUES (177, 314, 3, '하하하177');

INSERT INTO REPLY (REPLY_NO, BOARD_NO, MEMBER_NO, REPLY_CONTENT) 
VALUES (178, 314, 1, '하하하178');

INSERT INTO REPLY (REPLY_NO, BOARD_NO, MEMBER_NO, REPLY_CONTENT) 
VALUES (179, 314, 2, '하하하179');

INSERT INTO REPLY (REPLY_NO, BOARD_NO, MEMBER_NO, REPLY_CONTENT) 
VALUES (180, 314, 3, '하하하180');

INSERT INTO REPLY (REPLY_NO, BOARD_NO, MEMBER_NO, REPLY_CONTENT) 
VALUES (181, 314, 1, '하하하181');

INSERT INTO REPLY (REPLY_NO, BOARD_NO, MEMBER_NO, REPLY_CONTENT) 
VALUES (182, 314, 2, '하하하182');

INSERT INTO REPLY (REPLY_NO, BOARD_NO, MEMBER_NO, REPLY_CONTENT) 
VALUES (183, 314, 3, '하하하183');

INSERT INTO REPLY (REPLY_NO, BOARD_NO, MEMBER_NO, REPLY_CONTENT) 
VALUES (184, 314, 1, '하하하184');

INSERT INTO REPLY (REPLY_NO, BOARD_NO, MEMBER_NO, REPLY_CONTENT) 
VALUES (185, 314, 2, '하하하185');

INSERT INTO REPLY (REPLY_NO, BOARD_NO, MEMBER_NO, REPLY_CONTENT) 
VALUES (186, 314, 3, '하하하186');

INSERT INTO REPLY (REPLY_NO, BOARD_NO, MEMBER_NO, REPLY_CONTENT) 
VALUES (187, 314, 1, '하하하187');

INSERT INTO REPLY (REPLY_NO, BOARD_NO, MEMBER_NO, REPLY_CONTENT) 
VALUES (188, 314, 2, '하하하188');

INSERT INTO REPLY (REPLY_NO, BOARD_NO, MEMBER_NO, REPLY_CONTENT) 
VALUES (189, 314, 3, '하하하189');

INSERT INTO REPLY (REPLY_NO, BOARD_NO, MEMBER_NO, REPLY_CONTENT) 
VALUES (190, 314, 1, '하하하190');

INSERT INTO REPLY (REPLY_NO, BOARD_NO, MEMBER_NO, REPLY_CONTENT) 
VALUES (191, 314, 2, '하하하191');

INSERT INTO REPLY (REPLY_NO, BOARD_NO, MEMBER_NO, REPLY_CONTENT) 
VALUES (192, 314, 3, '하하하192');

INSERT INTO REPLY (REPLY_NO, BOARD_NO, MEMBER_NO, REPLY_CONTENT) 
VALUES (193, 314, 1, '하하하193');

INSERT INTO REPLY (REPLY_NO, BOARD_NO, MEMBER_NO, REPLY_CONTENT) 
VALUES (194, 314, 2, '하하하194');

INSERT INTO REPLY (REPLY_NO, BOARD_NO, MEMBER_NO, REPLY_CONTENT) 
VALUES (195, 314, 3, '하하하195');

INSERT INTO REPLY (REPLY_NO, BOARD_NO, MEMBER_NO, REPLY_CONTENT) 
VALUES (196, 314, 1, '하하하196');

INSERT INTO REPLY (REPLY_NO, BOARD_NO, MEMBER_NO, REPLY_CONTENT) 
VALUES (197, 314, 2, '하하하197');

INSERT INTO REPLY (REPLY_NO, BOARD_NO, MEMBER_NO, REPLY_CONTENT) 
VALUES (198, 314, 3, '하하하198');

INSERT INTO REPLY (REPLY_NO, BOARD_NO, MEMBER_NO, REPLY_CONTENT) 
VALUES (199, 314, 1, '하하하199');

INSERT INTO REPLY (REPLY_NO, BOARD_NO, MEMBER_NO, REPLY_CONTENT) 
VALUES (200, 314, 2, '하하하200');

INSERT INTO REPLY (REPLY_NO, BOARD_NO, MEMBER_NO, REPLY_CONTENT) 
VALUES (201, 313, 3, '하하하201');

INSERT INTO REPLY (REPLY_NO, BOARD_NO, MEMBER_NO, REPLY_CONTENT) 
VALUES (202, 313, 1, '하하하202');

INSERT INTO REPLY (REPLY_NO, BOARD_NO, MEMBER_NO, REPLY_CONTENT) 
VALUES (203, 313, 2, '하하하203');

INSERT INTO REPLY (REPLY_NO, BOARD_NO, MEMBER_NO, REPLY_CONTENT) 
VALUES (204, 313, 3, '하하하204');

INSERT INTO REPLY (REPLY_NO, BOARD_NO, MEMBER_NO, REPLY_CONTENT) 
VALUES (205, 313, 1, '하하하205');

INSERT INTO REPLY (REPLY_NO, BOARD_NO, MEMBER_NO, REPLY_CONTENT) 
VALUES (206, 313, 2, '하하하206');

INSERT INTO REPLY (REPLY_NO, BOARD_NO, MEMBER_NO, REPLY_CONTENT) 
VALUES (207, 313, 3, '하하하207');

INSERT INTO REPLY (REPLY_NO, BOARD_NO, MEMBER_NO, REPLY_CONTENT) 
VALUES (208, 313, 1, '하하하208');

INSERT INTO REPLY (REPLY_NO, BOARD_NO, MEMBER_NO, REPLY_CONTENT) 
VALUES (209, 313, 2, '하하하209');

INSERT INTO REPLY (REPLY_NO, BOARD_NO, MEMBER_NO, REPLY_CONTENT) 
VALUES (210, 313, 3, '하하하210');

INSERT INTO REPLY (REPLY_NO, BOARD_NO, MEMBER_NO, REPLY_CONTENT) 
VALUES (211, 313, 1, '하하하211');

INSERT INTO REPLY (REPLY_NO, BOARD_NO, MEMBER_NO, REPLY_CONTENT) 
VALUES (212, 313, 2, '하하하212');

INSERT INTO REPLY (REPLY_NO, BOARD_NO, MEMBER_NO, REPLY_CONTENT) 
VALUES (213, 313, 3, '하하하213');

INSERT INTO REPLY (REPLY_NO, BOARD_NO, MEMBER_NO, REPLY_CONTENT) 
VALUES (214, 313, 1, '하하하214');

INSERT INTO REPLY (REPLY_NO, BOARD_NO, MEMBER_NO, REPLY_CONTENT) 
VALUES (215, 313, 2, '하하하215');

INSERT INTO REPLY (REPLY_NO, BOARD_NO, MEMBER_NO, REPLY_CONTENT) 
VALUES (216, 313, 3, '하하하216');

INSERT INTO REPLY (REPLY_NO, BOARD_NO, MEMBER_NO, REPLY_CONTENT) 
VALUES (217, 313, 1, '하하하217');

INSERT INTO REPLY (REPLY_NO, BOARD_NO, MEMBER_NO, REPLY_CONTENT) 
VALUES (218, 313, 2, '하하하218');

INSERT INTO REPLY (REPLY_NO, BOARD_NO, MEMBER_NO, REPLY_CONTENT) 
VALUES (219, 313, 3, '하하하219');

INSERT INTO REPLY (REPLY_NO, BOARD_NO, MEMBER_NO, REPLY_CONTENT) 
VALUES (220, 313, 1, '하하하220');

INSERT INTO REPLY (REPLY_NO, BOARD_NO, MEMBER_NO, REPLY_CONTENT) 
VALUES (221, 313, 2, '하하하221');

INSERT INTO REPLY (REPLY_NO, BOARD_NO, MEMBER_NO, REPLY_CONTENT) 
VALUES (222, 313, 3, '하하하222');

INSERT INTO REPLY (REPLY_NO, BOARD_NO, MEMBER_NO, REPLY_CONTENT) 
VALUES (223, 313, 1, '하하하223');

INSERT INTO REPLY (REPLY_NO, BOARD_NO, MEMBER_NO, REPLY_CONTENT) 
VALUES (224, 313, 2, '하하하224');

INSERT INTO REPLY (REPLY_NO, BOARD_NO, MEMBER_NO, REPLY_CONTENT) 
VALUES (225, 313, 3, '하하하225');

INSERT INTO REPLY (REPLY_NO, BOARD_NO, MEMBER_NO, REPLY_CONTENT) 
VALUES (226, 313, 1, '하하하226');

INSERT INTO REPLY (REPLY_NO, BOARD_NO, MEMBER_NO, REPLY_CONTENT) 
VALUES (227, 313, 2, '하하하227');

INSERT INTO REPLY (REPLY_NO, BOARD_NO, MEMBER_NO, REPLY_CONTENT) 
VALUES (228, 313, 3, '하하하228');

INSERT INTO REPLY (REPLY_NO, BOARD_NO, MEMBER_NO, REPLY_CONTENT) 
VALUES (229, 313, 1, '하하하229');

INSERT INTO REPLY (REPLY_NO, BOARD_NO, MEMBER_NO, REPLY_CONTENT) 
VALUES (230, 313, 2, '하하하230');

INSERT INTO REPLY (REPLY_NO, BOARD_NO, MEMBER_NO, REPLY_CONTENT) 
VALUES (231, 313, 3, '하하하231');

INSERT INTO REPLY (REPLY_NO, BOARD_NO, MEMBER_NO, REPLY_CONTENT) 
VALUES (232, 313, 1, '하하하232');

INSERT INTO REPLY (REPLY_NO, BOARD_NO, MEMBER_NO, REPLY_CONTENT) 
VALUES (233, 313, 2, '하하하233');

INSERT INTO REPLY (REPLY_NO, BOARD_NO, MEMBER_NO, REPLY_CONTENT) 
VALUES (234, 313, 3, '하하하234');

INSERT INTO REPLY (REPLY_NO, BOARD_NO, MEMBER_NO, REPLY_CONTENT) 
VALUES (235, 313, 1, '하하하235');

INSERT INTO REPLY (REPLY_NO, BOARD_NO, MEMBER_NO, REPLY_CONTENT) 
VALUES (236, 313, 2, '하하하236');

INSERT INTO REPLY (REPLY_NO, BOARD_NO, MEMBER_NO, REPLY_CONTENT) 
VALUES (237, 313, 3, '하하하237');

INSERT INTO REPLY (REPLY_NO, BOARD_NO, MEMBER_NO, REPLY_CONTENT) 
VALUES (238, 313, 1, '하하하238');

INSERT INTO REPLY (REPLY_NO, BOARD_NO, MEMBER_NO, REPLY_CONTENT) 
VALUES (239, 313, 2, '하하하239');

INSERT INTO REPLY (REPLY_NO, BOARD_NO, MEMBER_NO, REPLY_CONTENT) 
VALUES (240, 313, 3, '하하하240');

INSERT INTO REPLY (REPLY_NO, BOARD_NO, MEMBER_NO, REPLY_CONTENT) 
VALUES (241, 313, 1, '하하하241');

INSERT INTO REPLY (REPLY_NO, BOARD_NO, MEMBER_NO, REPLY_CONTENT) 
VALUES (242, 313, 2, '하하하242');

INSERT INTO REPLY (REPLY_NO, BOARD_NO, MEMBER_NO, REPLY_CONTENT) 
VALUES (243, 312, 3, '하하하243');

INSERT INTO REPLY (REPLY_NO, BOARD_NO, MEMBER_NO, REPLY_CONTENT) 
VALUES (244, 312, 1, '하하하244');

INSERT INTO REPLY (REPLY_NO, BOARD_NO, MEMBER_NO, REPLY_CONTENT) 
VALUES (245, 312, 2, '하하하245');

INSERT INTO REPLY (REPLY_NO, BOARD_NO, MEMBER_NO, REPLY_CONTENT) 
VALUES (246, 312, 3, '하하하246');

INSERT INTO REPLY (REPLY_NO, BOARD_NO, MEMBER_NO, REPLY_CONTENT) 
VALUES (247, 312, 1, '하하하247');

INSERT INTO REPLY (REPLY_NO, BOARD_NO, MEMBER_NO, REPLY_CONTENT) 
VALUES (248, 312, 2, '하하하248');

INSERT INTO REPLY (REPLY_NO, BOARD_NO, MEMBER_NO, REPLY_CONTENT) 
VALUES (249, 312, 3, '하하하249');

INSERT INTO REPLY (REPLY_NO, BOARD_NO, MEMBER_NO, REPLY_CONTENT) 
VALUES (250, 312, 1, '하하하250');

INSERT INTO REPLY (REPLY_NO, BOARD_NO, MEMBER_NO, REPLY_CONTENT) 
VALUES (251, 312, 2, '하하하251');

INSERT INTO REPLY (REPLY_NO, BOARD_NO, MEMBER_NO, REPLY_CONTENT) 
VALUES (252, 312, 3, '하하하252');

INSERT INTO REPLY (REPLY_NO, BOARD_NO, MEMBER_NO, REPLY_CONTENT) 
VALUES (253, 312, 1, '하하하253');

INSERT INTO REPLY (REPLY_NO, BOARD_NO, MEMBER_NO, REPLY_CONTENT) 
VALUES (254, 312, 2, '하하하254');

INSERT INTO REPLY (REPLY_NO, BOARD_NO, MEMBER_NO, REPLY_CONTENT) 
VALUES (255, 312, 3, '하하하255');

INSERT INTO REPLY (REPLY_NO, BOARD_NO, MEMBER_NO, REPLY_CONTENT) 
VALUES (256, 312, 1, '하하하256');

INSERT INTO REPLY (REPLY_NO, BOARD_NO, MEMBER_NO, REPLY_CONTENT) 
VALUES (257, 312, 2, '하하하257');

INSERT INTO REPLY (REPLY_NO, BOARD_NO, MEMBER_NO, REPLY_CONTENT) 
VALUES (258, 312, 3, '하하하258');

INSERT INTO REPLY (REPLY_NO, BOARD_NO, MEMBER_NO, REPLY_CONTENT) 
VALUES (259, 312, 1, '하하하259');

INSERT INTO REPLY (REPLY_NO, BOARD_NO, MEMBER_NO, REPLY_CONTENT) 
VALUES (260, 312, 2, '하하하260');

INSERT INTO REPLY (REPLY_NO, BOARD_NO, MEMBER_NO, REPLY_CONTENT) 
VALUES (261, 312, 3, '하하하261');

INSERT INTO REPLY (REPLY_NO, BOARD_NO, MEMBER_NO, REPLY_CONTENT) 
VALUES (262, 312, 1, '하하하262');

INSERT INTO REPLY (REPLY_NO, BOARD_NO, MEMBER_NO, REPLY_CONTENT) 
VALUES (263, 312, 2, '하하하263');

INSERT INTO REPLY (REPLY_NO, BOARD_NO, MEMBER_NO, REPLY_CONTENT) 
VALUES (264, 312, 3, '하하하264');

INSERT INTO REPLY (REPLY_NO, BOARD_NO, MEMBER_NO, REPLY_CONTENT) 
VALUES (265, 312, 1, '하하하265');

INSERT INTO REPLY (REPLY_NO, BOARD_NO, MEMBER_NO, REPLY_CONTENT) 
VALUES (266, 312, 2, '하하하266');

INSERT INTO REPLY (REPLY_NO, BOARD_NO, MEMBER_NO, REPLY_CONTENT) 
VALUES (267, 312, 3, '하하하267');

INSERT INTO REPLY (REPLY_NO, BOARD_NO, MEMBER_NO, REPLY_CONTENT) 
VALUES (268, 312, 1, '하하하268');

INSERT INTO REPLY (REPLY_NO, BOARD_NO, MEMBER_NO, REPLY_CONTENT) 
VALUES (269, 312, 2, '하하하269');

INSERT INTO REPLY (REPLY_NO, BOARD_NO, MEMBER_NO, REPLY_CONTENT) 
VALUES (270, 312, 3, '하하하270');

INSERT INTO REPLY (REPLY_NO, BOARD_NO, MEMBER_NO, REPLY_CONTENT) 
VALUES (271, 312, 1, '하하하271');

INSERT INTO REPLY (REPLY_NO, BOARD_NO, MEMBER_NO, REPLY_CONTENT) 
VALUES (272, 312, 2, '하하하272');

INSERT INTO REPLY (REPLY_NO, BOARD_NO, MEMBER_NO, REPLY_CONTENT) 
VALUES (273, 312, 3, '하하하273');

INSERT INTO REPLY (REPLY_NO, BOARD_NO, MEMBER_NO, REPLY_CONTENT) 
VALUES (274, 312, 1, '하하하274');

INSERT INTO REPLY (REPLY_NO, BOARD_NO, MEMBER_NO, REPLY_CONTENT) 
VALUES (275, 312, 2, '하하하275');

INSERT INTO REPLY (REPLY_NO, BOARD_NO, MEMBER_NO, REPLY_CONTENT) 
VALUES (276, 312, 3, '하하하276');

INSERT INTO REPLY (REPLY_NO, BOARD_NO, MEMBER_NO, REPLY_CONTENT) 
VALUES (277, 312, 1, '하하하277');

INSERT INTO REPLY (REPLY_NO, BOARD_NO, MEMBER_NO, REPLY_CONTENT) 
VALUES (278, 312, 2, '하하하278');

INSERT INTO REPLY (REPLY_NO, BOARD_NO, MEMBER_NO, REPLY_CONTENT) 
VALUES (279, 312, 3, '하하하279');

INSERT INTO REPLY (REPLY_NO, BOARD_NO, MEMBER_NO, REPLY_CONTENT) 
VALUES (280, 312, 1, '하하하280');

INSERT INTO REPLY (REPLY_NO, BOARD_NO, MEMBER_NO, REPLY_CONTENT) 
VALUES (281, 312, 2, '하하하281');

INSERT INTO REPLY (REPLY_NO, BOARD_NO, MEMBER_NO, REPLY_CONTENT) 
VALUES (282, 312, 3, '하하하282');

INSERT INTO REPLY (REPLY_NO, BOARD_NO, MEMBER_NO, REPLY_CONTENT) 
VALUES (283, 312, 1, '하하하283');

INSERT INTO REPLY (REPLY_NO, BOARD_NO, MEMBER_NO, REPLY_CONTENT) 
VALUES (284, 312, 2, '하하하284');

INSERT INTO REPLY (REPLY_NO, BOARD_NO, MEMBER_NO, REPLY_CONTENT) 
VALUES (285, 312, 3, '하하하285');

INSERT INTO REPLY (REPLY_NO, BOARD_NO, MEMBER_NO, REPLY_CONTENT) 
VALUES (286, 312, 1, '하하하286');

INSERT INTO REPLY (REPLY_NO, BOARD_NO, MEMBER_NO, REPLY_CONTENT) 
VALUES (287, 312, 2, '하하하287');

INSERT INTO REPLY (REPLY_NO, BOARD_NO, MEMBER_NO, REPLY_CONTENT) 
VALUES (288, 312, 3, '하하하288');

INSERT INTO REPLY (REPLY_NO, BOARD_NO, MEMBER_NO, REPLY_CONTENT) 
VALUES (289, 312, 1, '하하하289');

INSERT INTO REPLY (REPLY_NO, BOARD_NO, MEMBER_NO, REPLY_CONTENT) 
VALUES (290, 312, 2, '하하하290');

INSERT INTO REPLY (REPLY_NO, BOARD_NO, MEMBER_NO, REPLY_CONTENT) 
VALUES (291, 312, 3, '하하하291');

INSERT INTO REPLY (REPLY_NO, BOARD_NO, MEMBER_NO, REPLY_CONTENT) 
VALUES (292, 312, 1, '하하하292');

INSERT INTO REPLY (REPLY_NO, BOARD_NO, MEMBER_NO, REPLY_CONTENT) 
VALUES (293, 311, 2, '하하하293');

INSERT INTO REPLY (REPLY_NO, BOARD_NO, MEMBER_NO, REPLY_CONTENT) 
VALUES (294, 311, 3, '하하하294');

INSERT INTO REPLY (REPLY_NO, BOARD_NO, MEMBER_NO, REPLY_CONTENT) 
VALUES (295, 311, 1, '하하하295');

INSERT INTO REPLY (REPLY_NO, BOARD_NO, MEMBER_NO, REPLY_CONTENT) 
VALUES (296, 311, 2, '하하하296');

INSERT INTO REPLY (REPLY_NO, BOARD_NO, MEMBER_NO, REPLY_CONTENT) 
VALUES (297, 311, 3, '하하하297');

INSERT INTO REPLY (REPLY_NO, BOARD_NO, MEMBER_NO, REPLY_CONTENT) 
VALUES (298, 311, 1, '하하하298');

INSERT INTO REPLY (REPLY_NO, BOARD_NO, MEMBER_NO, REPLY_CONTENT) 
VALUES (299, 311, 2, '하하하299');

INSERT INTO REPLY (REPLY_NO, BOARD_NO, MEMBER_NO, REPLY_CONTENT) 
VALUES (300, 311, 3, '하하하300');


INSERT INTO DATA_BOARD VALUES(DATA_BOARD_SEQ.NEXTVAL, 1 , '민간자격증 응시료 안내', 
'데이터아키텍처 전문가(DAP)' || ':' || ' ' || '100,000원' || CHR(10) ||
'데이터아키텍처 준전문가(DAsP)' || ':' || ' ' || '50,000원' || CHR(10) ||
'SQL 전문가(SQLP)' || ':' || ' ' || '100,000원' || CHR(10) ||
'SQL 개발자(SQLD)' || ':' || ' ' || '50,000원' || CHR(10) ||
'데이터 분석 전문가(ADP) - 필기' || ':' || ' ' || '80,000원' || CHR(10) ||
'데이터 분석 전문가(ADP) - 실기' || ':' || ' ' || '70,000원' || CHR(10) ||
'데이터 분석 준전문가(ADsP)' || ':' || ' ' || '50,000원' || CHR(10) ||
'네트워크관리사 1,2급 - 필기' || ':' || ' ' || '43,000원' || CHR(10) ||
'네트워크관리사 - 1급 실기' || ':' || ' ' || '100,000원' || CHR(10) ||
'네트워크관리사 - 2급 실기' || ':' || ' ' || '78,000원' || CHR(10) ||
'빅데이터분석기사 - 필기' || ':' || ' ' || '17,800원' || CHR(10) ||
'빅데이터분석기사 - 실기' || ':' || ' ' || '40,800원', SYSDATE ,0);
INSERT INTO DATA_BOARD VALUES(DATA_BOARD_SEQ.NEXTVAL, 1,
    '정보처리기사 시험 개정 안내(필기)',
    '변경전' || CHR(10) || 
    '과목명 : 정보처리실무' || CHR(10) || 
    '시험방식 : 필답형' || CHR(10) || 
    '시험시간 : 3시간' || CHR(10) || 
    '문 제 수 : 12~15문항' || CHR(10) || 
    '문제유형 : 단답형, 약술형 등' || CHR(10) ||
    '변경 후' || CHR(10) || 
    '과목명 : 정보처리실무(변경없음)' || CHR(10) ||
    '시험방식 : 필답형(변경없음)' || CHR(10) ||
    '시험시간 : 2시간 30분' || CHR(10) ||
    '문제수 : 20문항기준±5문제' || CHR(10) ||
    '문제유형 : 단답형, 약술형 등' || CHR(10) ||
    '※ 2020년 시험에 대한 실기시험(필답형) 공개문제는 일체 제공하지 않습니다. ※',
    SYSDATE,
    0
);
INSERT INTO DATA_BOARD VALUES(DATA_BOARD_SEQ.NEXTVAL, 1 , '응시료 안내', '정보처리기사' || CHR(10) ||  '필기수수료: 19400' || CHR(10) || '실기수수료: 22600', SYSDATE ,0);
INSERT INTO DATA_BOARD VALUES(DATA_BOARD_SEQ.NEXTVAL, 1 , '응시료 안내', '정보처리기사' || CHR(10) ||  '필기수수료: 19400' || CHR(10) || '실기수수료: 22600', SYSDATE ,0);
INSERT INTO DATA_BOARD VALUES(DATA_BOARD_SEQ.NEXTVAL, 1 , '응시료 안내', '정보처리기사' || CHR(10) ||  '필기수수료: 19400' || CHR(10) || '실기수수료: 22600', SYSDATE ,0);
INSERT INTO DATA_BOARD VALUES(DATA_BOARD_SEQ.NEXTVAL, 1 , '응시료 안내', '정보처리기사' || CHR(10) ||  '필기수수료: 19400' || CHR(10) || '실기수수료: 22600', SYSDATE ,0);
INSERT INTO DATA_BOARD VALUES(DATA_BOARD_SEQ.NEXTVAL, 1 , '응시료 안내', '정보처리기사' || CHR(10) ||  '필기수수료: 19400' || CHR(10) || '실기수수료: 22600', SYSDATE ,0);
INSERT INTO DATA_BOARD VALUES(DATA_BOARD_SEQ.NEXTVAL, 1 , '응시료 안내', '정보처리기사' || CHR(10) ||  '필기수수료: 19400' || CHR(10) || '실기수수료: 22600', SYSDATE ,0);
INSERT INTO DATA_BOARD VALUES(DATA_BOARD_SEQ.NEXTVAL, 1 , '응시료 안내', '정보처리기사' || CHR(10) ||  '필기수수료: 19400' || CHR(10) || '실기수수료: 22600', SYSDATE ,0);
INSERT INTO DATA_BOARD VALUES(DATA_BOARD_SEQ.NEXTVAL, 1 , '응시료 안내', '정보처리기사' || CHR(10) ||  '필기수수료: 19400' || CHR(10) || '실기수수료: 22600', SYSDATE ,0);


COMMIT;